name,peptide,site
ALG4_746818541,DLAALNTHSPTVEECG,VP1_2A
ALG4_746818543,DLAALNTHSPTVEECG,VP1_2A
ALG4_924351104,DLAALNTHSPTVEECG,VP1_2A
ALG4_924347620,DLAALNTHSPTVEECG,VP1_2A
ALG4_924347608,DLAALNTHSPTVEECG,VP1_2A
ALG4_221215,DMSTLNTHSPTVEECG,VP1_2A
ALG4_814603523,DLAALNTHSPTVEECG,VP1_2A
ALG4_831358631,SRLDITTTSPSAEECG,VP1_2A
ALG4_442539506,SRTDIITTSPSAEECG,VP1_2A
ALG4_397776236,SRTNITTTSPSAEECG,VP1_2A
ALG4_323418,TRSNITTTSPSAEECG,VP1_2A
ALG4_121281800,KRDSLTTTSPSAEECG,VP1_2A
ALG4_121281802,KRDSLTTTSPSAEECG,VP1_2A
ALG4_5669021,KRNSLTTTSPSAEECG,VP1_2A
ALG4_54399971,SITTMTNTSPTVEECG,VP1_2A
ALG4_54399973,SITTMTNTSPTVEECG,VP1_2A
ALG4_619854493,SITAMTNTSPTVEECG,VP1_2A
ALG4_303362831,SITTMTNTSPTVEECG,VP1_2A
ALG4_10863161,SITTMTNTSPTVEECG,VP1_2A
ALG4_425891887,SITTMTNTSPTVEECG,VP1_2A
ALG4_479280024,SITAMTNTSPTVEECG,VP1_2A
ALG4_1373228,SITTMTNTSPTVEECG,VP1_2A
ALG4_239916538,SITAMTNTSPTVEECG,VP1_2A
ALG4_442539508,SITTMTNTSPTVEECG,VP1_2A
ALG4_733373010,SITTMTNTSPTVEECG,VP1_2A
ALG4_199599828,SITAMTNTSPTVEECG,VP1_2A
ALG4_50604533,SITTMTNTSPTVEECG,VP1_2A
ALG4_209981446,SITTMTNTSPTVEECG,VP1_2A
ALG4_595597885,SITAMTNTSPTVEECG,VP1_2A
ALG4_380082987,SITTMTNTSPTVEECG,VP1_2A
ALG4_587655618,SITTMTNTSPTVEECG,VP1_2A
ALG4_335352399,SITTMTNTSPTVEECG,VP1_2A
ALG4_405779214,SITTMTNTSPTVEECG,VP1_2A
ALG4_323422,SITTMTNTSPTVEECG,VP1_2A
ALG4_10863163,SITTMTNTSPTVEECG,VP1_2A
ALG4_10863165,SITTMTNTSPTVEECG,VP1_2A
ALG4_733373014,SITTMTNTSPTVEECG,VP1_2A
ALG4_335352401,SITTMTNTSPTVEECG,VP1_2A
ALG4_262283885,SITTMTNTSPTAEACG,VP1_2A
ALG4_323420,SITTMTNTSPTVEECG,VP1_2A
ALG4_323433,SITTMTNTSPTVEECG,VP1_2A
ALG4_594103483,ERASLITTSPTVEECG,VP1_2A
ALG4_924347606,ERASLITTSPTVEECG,VP1_2A
ALG4_404553511,ERASLITTSPTVEECG,VP1_2A
ALG4_17224875,ERASLVTTSPTVEECG,VP1_2A
ALG4_594103444,ERASLITTSPTVEECG,VP1_2A
ALG4_61032,ERASLITTSPTVEECG,VP1_2A
ALG4_94449175,ERASLITTSPTVEECG,VP1_2A
ALG4_397328570,DITTMQTTSPSAEECG,VP1_2A
ALG4_397328568,DITTMQTTSPSAEECG,VP1_2A
ALG4_59046,EITAMQTTSPSAEECG,VP1_2A
ALG4_397328566,DITTMQTTSPSAEECG,VP1_2A
ALG4_58372546,DITTMQTTSPSAEECG,VP1_2A
ALG4_814603527,DITTMQTTSPSAEECG,VP1_2A
ALG4_814603525,DITTMQTTSPSAEECG,VP1_2A
ALG4_814603531,DITTMQTTSPSAEECG,VP1_2A
ALG4_814603529,DITTMQTTSPSAEECG,VP1_2A
ALG4_397328564,DITTMQTTSPSAEECG,VP1_2A
ALG4_808216302,EITAMRTTSPSAEECG,VP1_2A
ALG4_425891889,DITTMQTTSPSAEECG,VP1_2A
ALG4_536669961,ARASITETSPSAEECG,VP1_2A
ALG4_341864480,DITTMQTTSPSAEECG,VP1_2A
ALG4_924347623,DITTMQTTSPSAEECG,VP1_2A
ALG4_365940252,DITTMQTTSPSAEECG,VP1_2A
ALG4_375004671,DITTMQTTSPSAEECG,VP1_2A
ALG4_375004673,DITTMQTTSPSAEECG,VP1_2A
ALG4_404364650,DITTMQTTSPSAEECG,VP1_2A
ALG4_6650683,DITTMQTTSPSAEECG,VP1_2A
ALG4_380706267,NITTMNTTSPTVEECG,VP1_2A
ALG4_6650685,NITTMNTTSPTVEECG,VP1_2A
ALG4_6465921,NITTMNTTSPTVEECG,VP1_2A
ALG4_4104747,NITTMNTTSPTVEECG,VP1_2A
ALG4_1063278,TRDTINTVSPSAEECG,VP1_2A
ALG4_769800,LSTHGVSRSPSAEECG,VP1_2A
ALG4_AUD08527,KRDSITYISPSAEECG,VP1_2A
ALG4_AUD08528,VKPDVSNYSPSAEECG,VP1_2A
ALG4_QHH26295,VKPDVTSHSPSAEECG,VP1_2A
ALG4_QHH26278,VRPDMTTYSPSAEECG,VP1_2A
ALG4_AUD08529,VRPDVSNRSPSAEECG,VP1_2A
ALG4_AUD08530,VRPDVSNRSPSAEECG,VP1_2A
ALG4_AUD08531,KRDSITYISPSAEECG,VP1_2A
ALG4_AUD08532,VKPDVSNYSPSAEECG,VP1_2A
ALG4_AUD08533,VKPDVSNYSPSAEECG,VP1_2A
ALG4_AUD08534,VRPDVSNRSPSAEECG,VP1_2A
ALG4_QJR83060,VKPDMTNHSPSAEECG,VP1_2A
ALG4_AUD08523,VKPDVSNYSPSAEECG,VP1_2A
ALG4_749526965,VKPDVSTYSPSAEECG,VP1_2A
ALG4_AUD08524,VKPDVSNYSPSAEECG,VP1_2A
ALG4_AUD08535,KRNSITYISPSAEECG,VP1_2A
ALG4_AUD08536,KRNSITYISPSAEECG,VP1_2A
ALG4_AUD08537,KRNSITYISPSAEECG,VP1_2A
ALG4_AUD08538,KRNSITYISPSAEECG,VP1_2A
ALG4_AUD08525,VKPDVSNYSPSAEECG,VP1_2A
ALG4_AUD08526,VKPDVSNYSPSAEECG,VP1_2A
ALG4_AUD08539,GRNSITYISPSAEECG,VP1_2A
ALG4_AUD08540,GRNSITYISPSAEECG,VP1_2A
ALG4_AUD08541,KRSSITYISPSAEECG,VP1_2A
ALG4_AUD08542,GRNSITYISPSAEECG,VP1_2A
ALG4_AUD08543,VRPDVSNRSPSAEECG,VP1_2A
ALG4_AUD08544,KRSSITYISPSAEECG,VP1_2A
ALG4_AUD08545,VRPDVSNRSPSAEECG,VP1_2A
ALG4_AUD08546,VRPDVSNRSPSAEECG,VP1_2A
ALG4_AUD08547,VRPDVSNRSPSAEECG,VP1_2A
ALG4_157004270,VKPDVSNHSPSAEECG,VP1_2A
ALG4_50399449,VKPDVSNHSPSAEECG,VP1_2A
ALG4_QNS36366,VKPDVSNHSPSAEECG,VP1_2A
ALG4_50399447,VKPDVSNHSPSAEECG,VP1_2A
ALG4_1151119932,VKPDVTSHSPSAEECG,VP1_2A
ALG4_QHJ92097,KRNSITYISPSAEECG,VP1_2A
ALG4_50399457,VKPDVSNHSPSAEECG,VP1_2A
ALG4_QIZ12960,VKPDVSTHSPSAEECG,VP1_2A
ALG4_510834,VKPDLSNYSPSAEECG,VP1_2A
ALG4_QER78683,VKPDVTNHSPSAEECG,VP1_2A
ALG4_AXN77382,VKPDMTNYSPSAEECG,VP1_2A
ALG4_21886601,VKPDVSNHSPSAEECG,VP1_2A
ALG4_AWX63812,TRSSITEVSPTAEECG,VP1_2A
ALG4_AWX63810,TRSSITEVSPTAEECG,VP1_2A
ALG4_AWX63811,TRSSITEVSPTAEECG,VP1_2A
ALG4_474421,SRTSITEVSPTAEECG,VP1_2A
ALG4_2051999,SRTSITEVSPTAEECG,VP1_2A
ALG4_34485418,PASKLMNHSPSVEECG,VP1_2A
ALG4_924347627,VHMRLQTRSPSAEECG,VP1_2A
ALG4_924347630,VHMRLQTRSPSAEKCG,VP1_2A
ALG4_SPS68043,VHLRLSTQSPSAEECG,VP1_2A
ALG4_34485420,VHLRMHTHSPSAEECG,VP1_2A
ALG4_34485422,VRVRLGTTSPNAEECG,VP1_2A
ALG4_924347617,SRQTITTVSPSAEECG,VP1_2A
ALG4_34485424,SRLTITTVSPSAEECG,VP1_2A
ALG4_34485426,IPVPKHTHSPSAEECG,VP1_2A
ALG4_QHH26279,EHSVLATHSPSAEECG,VP1_2A
ALG4_QHH26282,EHSVLTTHSPSAEECG,VP1_2A
ALG4_ASU64357,EHSVLVTRSPSAEECG,VP1_2A
ALG4_ASU64358,EHSVLVTRSPSAEECG,VP1_2A
ALG4_AVQ93623,EHSVLVTRSPSAEECG,VP1_2A
ALG4_AVQ93624,EHSVLVTRSPSAEECG,VP1_2A
ALG4_1060479462,EHSVLVTRSPSAEECG,VP1_2A
ALG4_AVQ93625,EHSVLVTRSPSAEECG,VP1_2A
ALG4_AVQ93626,EHSVLVTRSPSAEECG,VP1_2A
ALG4_AVQ93627,EHSVLVTHSPSAEECG,VP1_2A
ALG4_AVQ93628,EHSVLVTRSPSAEECG,VP1_2A
ALG4_QOP74967,EHSVLVTRSPSAEECG,VP1_2A
ALG4_1042021414,EHSVLATRSPSAEECG,VP1_2A
ALG4_1042021416,EHSVLATRSPSAEECG,VP1_2A
ALG4_1042021418,EHSVLATRSPSAEECG,VP1_2A
ALG4_1042021420,EHSVLATRSPSAEECG,VP1_2A
ALG4_1042021422,EHSVLATRSPSAEECG,VP1_2A
ALG4_1042021424,EHSVLATRSPSAEECG,VP1_2A
ALG4_1042021426,EHSVLATRSPSAEECG,VP1_2A
ALG4_1042021428,EHSVLATRSPSAEECG,VP1_2A
ALG4_1042021430,EHSVLATRSPSAEECG,VP1_2A
ALG4_1042021406,EHSVLATRSPSAEECG,VP1_2A
ALG4_1042021408,EHSVLATRSPSAEECG,VP1_2A
ALG4_1042021412,EHSVLATRSPSAEECG,VP1_2A
ALG4_308445303,EHSVLTTHSPSAEECG,VP1_2A
ALG4_QMU23623,EHSVLVTRSPSAEECG,VP1_2A
ALG4_QKX44773,EHSVLVTRSPSAEECG,VP1_2A
ALG4_AUF49629,EHSVLATHSPSAEECG,VP1_2A
ALG4_QGA30889,EHSVLATHSPSAEECG,VP1_2A
ALG4_34485428,VKPDLQTYSPSAEECG,VP1_2A
ALG4_QDD55567,SRTDINHVSPSAEECG,VP1_2A
ALG4_QDD55610,SRTDINHVSPSAEECG,VP1_2A
ALG4_QDD55635,SRTDINHVSPSAEECG,VP1_2A
ALG4_AXQ00219,SRTDINHVSPSAEECG,VP1_2A
ALG4_AUN27642,SRKDINHVSPSAEECG,VP1_2A
ALG4_33317935,KRNNINYVSPSAEECG,VP1_2A
ALG4_34485430,KRNNINYVSPSAEECG,VP1_2A
ALG4_1096124002,KRTSINHVSPSAEECG,VP1_2A
ALG4_APW91136,ARTSLTTTSPTVEECG,VP1_2A
ALG4_34485432,ARTSLTTTSPTVEECG,VP1_2A
ALG4_619498817,ARTSLTTTSPTVEECG,VP1_2A
ALG4_QGL06947,THTPMRTCSPTVEECG,VP1_2A
ALG4_34485434,THTPMRTCSPTVEECG,VP1_2A
ALG4_AXG50472,ARSSITATSPKAEECG,VP1_2A
ALG4_34485436,ESRGMQTTSPKAEECG,VP1_2A
ALG4_733373020,ESRAMQTTSPRAEECG,VP1_2A
ALG4_QER78682,ESRALHTTSPKAEECG,VP1_2A
ALG4_AXG24377,HLTPMVNHSPTVEECG,VP1_2A
ALG4_745636815,HMPSMVNHSPTVEECG,VP1_2A
ALG4_ASU43933,HMPSMVSHSPTVEECG,VP1_2A
ALG4_442539512,HVPSMVSHSPTVEECG,VP1_2A
ALG4_295984376,HMPSMVSHSPTVEECG,VP1_2A
ALG4_1042021434,SRDKITLDSPTVEECG,VP1_2A
ALG4_34485438,SRDKITLDSPTVEECG,VP1_2A
ALG4_AUF49624,HVPSVVNHSPTVEECG,VP1_2A
ALG4_AUF49625,HVPSVVNHSPTVEECG,VP1_2A
ALG4_AUF49676,HLPLVANHSPTVEECG,VP1_2A
ALG4_QJA28495,HIPSLVSHSPTVEECG,VP1_2A
ALG4_QDI78387,HLSSLVSHSPTVEECG,VP1_2A
ALG4_QBM01045,HMPSVVNHSPTVEECG,VP1_2A
ALG4_764120825,HTPSMVNHSPTVEECG,VP1_2A
ALG4_34485440,TGPSMTSHSPSAEECG,VP1_2A
ALG4_34485442,KRDSINWVSPTAEECG,VP1_2A
ALG4_QHX99541,HTPSARTTSPTVEECG,VP1_2A
ALG4_QJR83058,ERKDINDVSPTVEECG,VP1_2A
ALG4_987390371,ERKDINDVSPTVEECG,VP1_2A
ALG4_AUO29151,RPAEYTTHSPTVEECG,VP1_2A
ALG4_727358079,ERKDINDVSPTVEECG,VP1_2A
ALG4_ASZ69778,ERKDINDVSPTVEECG,VP1_2A
ALG4_34485446,ERKDINDVSPTVEECG,VP1_2A
ALG4_BAK57446,HPAGYTTHSPTVEECG,VP1_2A
ALG4_BAK57447,HPAGYTTHSPTVEECG,VP1_2A
ALG4_BAK57448,HPAGYTTHSPTVEECG,VP1_2A
ALG4_BAK57449,HPAGYTTHSPTVEECG,VP1_2A
ALG4_BAK57450,HPAGYTTHSPTVEECG,VP1_2A
ALG4_BAK57451,RPAGYTTHSPTVEECG,VP1_2A
ALG4_BAK57452,HPAGYTTHSPTVEECG,VP1_2A
ALG4_BAK57453,HPAGYTTHSPTVEECG,VP1_2A
ALG4_BAK57454,HPAGYTTHSPTVEECG,VP1_2A
ALG4_BAK57455,HPAGYTTHSPTVEECG,VP1_2A
ALG4_BAK57456,HPAGYTTHSPTVEECG,VP1_2A
ALG4_62990060,RPMGYTSHSPTVEECG,VP1_2A
ALG4_987390365,THNPLLNTSPTVEECG,VP1_2A
ALG4_AVI04999,THNPLTNTSPTVEECG,VP1_2A
ALG4_AVI05000,THNPLLNTSPTVEECG,VP1_2A
ALG4_AVI05001,THNPLTNTSPTVEECG,VP1_2A
ALG4_106636123,THNPLSNTSPTVEECG,VP1_2A
ALG4_ARB07388,SHNPLTNTSPTVEECG,VP1_2A
ALG4_814603517,THNPLANTSPTVEECG,VP1_2A
ALG4_528323956,AHNPLTNTSPTVEECG,VP1_2A
ALG4_AVI05002,THNPVLTTSPTVEECG,VP1_2A
ALG4_5533301,THNPVLTTSPTVEECG,VP1_2A
ALG4_17224873,THNPVLTTSPTVEECG,VP1_2A
ALG4_442539514,THNPLTNTSPTVEECG,VP1_2A
ALG4_BBF97827,THNPLSNTSPTVEECG,VP1_2A
ALG4_BBF97828,THNPLSNTSPTVEECG,VP1_2A
ALG4_BBF97829,THNPLSNTSPTVEECG,VP1_2A
ALG4_BBF97830,THNPLSNTSPTVEECG,VP1_2A
ALG4_78499755,THNPLTNTSPTVEECG,VP1_2A
ALG4_426272787,THNPLLNTSPTVEECG,VP1_2A
ALG4_61658401,THNPLTNTSPTVEECG,VP1_2A
ALG4_584613685,THNPLTNTSPTVEECG,VP1_2A
ALG4_374922461,THNPLSNTSPTVEECG,VP1_2A
ALG4_AUF49663,THNPLSNTSPTVEECG,VP1_2A
ALG4_AUF49665,THNPLSNTSPTVEECG,VP1_2A
ALG4_QQP23540,THNPLTNTSPTVEECG,VP1_2A
ALG4_QQP23545,THNPLTNTSPTVEECG,VP1_2A
ALG4_QBF51812,THNPLTNTSPTVEECG,VP1_2A
ALG4_QDI78386,THNPLSNTSPTVEECG,VP1_2A
ALG4_34485448,PSHTLHTHSPSAEECG,VP1_2A
ALG4_34485450,FRPDVRTMSPTAEECG,VP1_2A
ALG4_34485452,ARTDLMTTSPTVEECG,VP1_2A
ALG4_APW91090,SRADLMTTSPTVEECG,VP1_2A
ALG4_AOW41918,SRADLMTTSPTGEECG,VP1_2A
ALG4_ATG80398,KRKNLITTSPTVEECG,VP1_2A
ALG4_207113489,KRKDLITTSPTVEECG,VP1_2A
ALG4_34485454,KRKDLITTSPTVEECG,VP1_2A
ALG4_308445301,SDHTMHTRSPSAEECG,VP1_2A
ALG4_4378012,SEHNMHTYSPSAEECG,VP1_2A
ALG4_987390373,NSTHVENYSPSAEECG,VP1_2A
ALG4_987390375,NSTHMENYSPSAEECG,VP1_2A
ALG4_814603503,NSTHVENHSPSAEECG,VP1_2A
ALG4_539332336,NTTHVENYSPSAEECG,VP1_2A
ALG4_539332325,NTTHVENYSPSAEECG,VP1_2A
ALG4_QJR83059,NSTHVENYSPSAEECG,VP1_2A
ALG4_33317933,NSKHMETHSPSAEECG,VP1_2A
ALG4_34485456,NSTHMETHSPSAEECG,VP1_2A
ALG4_AYD61416,NSTHVENYSPSAEECG,VP1_2A
ALG4_ARF07867,NLHTGILYSPSAEECG,VP1_2A
ALG4_924347625,NSTHVENYSPSAEECG,VP1_2A
ALG4_442539510,NSTHVENYSPSAEECG,VP1_2A
ALG4_306026114,NSTHMENHSPSAEECG,VP1_2A
ALG4_306026116,NSTHMENHSPSAEECG,VP1_2A
ALG4_404433877,NSTHVENYSPSAEECG,VP1_2A
ALG4_404433879,NSTHVENYSPSAEECG,VP1_2A
ALG4_404433881,NSTHVENYSPSAEECG,VP1_2A
ALG4_404433883,NSTHVENYSPSAEECG,VP1_2A
ALG4_AUO29156,NSTHMENYSPSAEECG,VP1_2A
ALG4_453061696,NSTHMENHSPSAEECG,VP1_2A
ALG4_388330799,NSTHVENYSPSAEECG,VP1_2A
ALG4_QDD55627,NSTHMETHSPSAEECG,VP1_2A
ALG4_APW91137,NSTHVENYSPSAEECG,VP1_2A
ALG4_APW91138,NSTHVENYSPSAEECG,VP1_2A
ALG4_398330012,NSTHMETHSPSAEECG,VP1_2A
ALG4_773290,NSKHMETHSPSAEECG,VP1_2A
ALG4_AUF49635,NSTHMENHSPSAEECG,VP1_2A
ALG4_ARR74572,NLHTGILYSPSAEECG,VP1_2A
ALG4_AVM86034,IRPDVRTASPSAEECG,VP1_2A
ALG4_814603505,IRPDVRTASPSAEECG,VP1_2A
ALG4_814603515,IRPDVRTASPSAEECG,VP1_2A
ALG4_788303261,IRPDVRTASPSAEECG,VP1_2A
ALG4_998751931,IRPDVRTASPSAEECG,VP1_2A
ALG4_AVM86031,IRPDVRTNSPSAEESG,VP1_2A
ALG4_AVM86032,IRPEVRTASPSAEECG,VP1_2A
ALG4_AVM86033,IRPEVRTASPSAEECG,VP1_2A
ALG4_667755399,IRPDVRTTSPSAEECG,VP1_2A
ALG4_AUO29152,IRPEVRTASPSAEECG,VP1_2A
ALG4_AUO29153,IRPEARTFSPSAEECG,VP1_2A
ALG4_AUO29157,IRPEVRTASPSAEECG,VP1_2A
ALG4_AXQ00218,IRPEVRTASPSAEECG,VP1_2A
ALG4_AZT88545,IRPEVRTTSPSAEECG,VP1_2A
ALG4_AUF49644,IRPDVRTASPSAEECG,VP1_2A
ALG4_AUF49651,IRPDVRTASPSAEECG,VP1_2A
ALG4_AUF49653,IRPDVRTASPSAEECG,VP1_2A
ALG4_AUF49667,IRPDVRTASPSAEECG,VP1_2A
ALG4_AVM86035,IRPEVRTASPSAEECG,VP1_2A
ALG4_15809620,IRPDVRTASPSAEECG,VP1_2A
ALG4_AVM86030,IRPDVRTNSPSAEECG,VP1_2A
ALG4_15809622,IRPDVRTNSPSAEESG,VP1_2A
ALG4_33317931,IRPDVRTNSPSAEECG,VP1_2A
ALG4_34485458,IRPDVRTNSPSAEECG,VP1_2A
ALG4_28610114,DLAALSTHSPSAEECG,VP1_2A
ALG4_28610116,DLAALNTHSPSAEECG,VP1_2A
ALG4_519773571,DLAALNTHSPSAEECG,VP1_2A
ALG4_519773567,DLAALNTHSPSAEECG,VP1_2A
ALG4_519773569,DLAALNTHSPSAEECG,VP1_2A
ALG4_397776234,DLAALSTLSPSAEECG,VP1_2A
ALG4_AUF49664,DLAALNTHSPSAEECG,VP1_2A
ALG4_AUF49672,DLAALNTHSPSAEECG,VP1_2A
ALG4_QBM01044,DLATLSTRSPSAEECG,VP1_2A
ALG4_AXN77379,DLAALNTHSPSAEECG,VP1_2A
ALG4_1083846350,DLATLNTHSPSAEECG,VP1_2A
ALG4_AOX15246,DLATLNTHSPSAEECG,VP1_2A
ALG4_QDO72760,ARTSLTTTSPTVEECG,VP1_2A
ALG4_QDO72761,ARTSLTTTSPTVEECG,VP1_2A
ALG4_ATV91596,ERANLVTTSPTVEECG,VP1_2A
ALG4_AWN09260,THNPLSNTSPTVEECG,VP1_2A
ALG4_830698599,SRADLMTTSPTVEECG,VP1_2A
ALG4_AXY54924,DITTMQTTSPSAEECG,VP1_2A
ALG4_QGZ05533,NHSAMKNTSPTVEECG,VP1_2A
ALG4_585421084,ERANLVTTSPTVEECG,VP1_2A
ALG4_146218329,ERANLVTTSPTVEECG,VP1_2A
ALG4_948563366,ERASLVTTSPTVEECG,VP1_2A
ALG4_117574537,DHSALKNYSPKAEECG,VP1_2A
ALG4_61608312,ETSLLRTASPTAEECG,VP1_2A
ALG4_590122443,NVSNLNTHSPSAEECG,VP1_2A
ALG4_570709917,GRTNIMHISPTAEECG,VP1_2A
ALG4_34485460,SGHRLTTHSPTVEECG,VP1_2A
ALG4_684138051,HLPELHNTSPTVEECG,VP1_2A
ALG4_AZI71405,HLPDMQNTSPTVEECG,VP1_2A
ALG4_402830006,VDHAFQTHSPSAEECG,VP1_2A
ALG4_49425037,VDHSFHTRSPSAEECG,VP1_2A
ALG4_684138053,TRDSITAQSPTVEECG,VP1_2A
ALG4_49425063,TRDSITAQSPTVEECG,VP1_2A
ALG4_33111999,TVTNLTSHSPSAEECG,VP1_2A
ALG4_61608294,STTNLANCSPSAEECG,VP1_2A
ALG1_BAG70421,TMQSVTTHSPSAEECG,VP1_2A
ALG4_AZI15681,DLVALNTHSPSAEECG,VP1_2A
ALG4_AZI15682,DLVALNTLSPSAEECG,VP1_2A
ALG4_AZI15683,DLVALNTHSPSAEECG,VP1_2A
ALG4_410816911,DLAVLSTHSPSAEECG,VP1_2A
ALG4_AZI15684,DLATLSNHSPSAEECG,VP1_2A
ALG4_61608280,EHTTPRTHSPSAEECG,VP1_2A
ALG4_673911920,EHPPLSTFSPSAEECG,VP1_2A
ALG4_673911922,EHPPLSTFSPSAEECG,VP1_2A
ALG4_61608283,EHPPLTTFSPSAEECG,VP1_2A
ALG4_61608287,STHSLTNHSPSAEECG,VP1_2A
ALG4_1134678845,HLPEMHTSSPTVEECG,VP1_2A
ALG4_QIZ63251,HLPEMRTNSPTVEECG,VP1_2A
ALG4_QIZ63252,HLPEMHTNSPTVEECG,VP1_2A
ALG4_QIZ63253,HLPEMHTNSPTVEECG,VP1_2A
ALG4_QIZ63254,HLPEMHTNSPTVEECG,VP1_2A
ALG4_QIZ63255,HLPEMHTNSPTVEECG,VP1_2A
ALG4_QIZ63256,HLPEMHTNSPTVEECG,VP1_2A
ALG4_QJT73092,HLPEMHTNSPTVEECG,VP1_2A
ALG4_61608291,HLPEMQNTSPTVEECG,VP1_2A
ALG4_829487932,HQPAVRNTSPSAEECG,VP1_2A
ALG4_117574535,HTPLMRTTSPSAEECG,VP1_2A
ALG4_61608297,IQSRLTSTSPTVEECG,VP1_2A
ALG4_440385916,IQSRLTNTSPTVEECG,VP1_2A
ALG4_440385912,IQPRLTNTSPTVEECG,VP1_2A
ALG4_440385914,IQSRLTNTSPTVEECG,VP1_2A
ALG4_408842859,IQSRLTNTSPTVEECG,VP1_2A
ALG4_440385910,IQSRLTTTSPTVEECG,VP1_2A
ALG4_61608300,PSLGPRTTSPSAEECG,VP1_2A
ALG4_61608303,AHPSLTNTSPSAEECG,VP1_2A
ALG4_511636106,VHPNVTNTSPSAEECG,VP1_2A
ALG4_AXG50469,ARADINTVSPSAEECG,VP1_2A
ALG4_AXG24376,ARADINTVSPSAEECG,VP1_2A
ALG4_AXG50475,ARADINTVSPSAEECG,VP1_2A
ALG4_61608306,ARADINTVSPSAEECG,VP1_2A
ALG4_AXF50738,ARADINTVSPSAEECG,VP1_2A
ALG4_290109431,THSHLTNYSPSAEECG,VP1_2A
ALG4_61608309,THSHLSSYSPSAEECG,VP1_2A
ALG4_198041330,THSRLSSHSPSAEECG,VP1_2A
ALG4_198041324,EHEPLHTHSPSAEECG,VP1_2A
ALG4_13128903,IRATITLASPTVEECG,VP1_2A
ALG4_987390367,DLAALNTHSPTVEECG,VP1_2A
ALG4_ARB07836,DLAALNTHSPTVEECG,VP1_2A
ALG4_ARB07845,DLAALNTHSPTVEECG,VP1_2A
ALG4_AUF49631,DLAALNTHSPTVEECG,VP1_2A
ALG4_AUF49637,DLATLSTHSPTVEECG,VP1_2A
ALG4_AUF49658,DLAALNTHSPTVEECG,VP1_2A
ALG4_AUF49674,DLATLSTHSPTVEECG,VP1_2A
ALG4_QGA30890,DMSALNTHSPTVEECG,VP1_2A
ALG4_AXN77380,DLAALNTHSPTVEECG,VP1_2A
ALG4_AWA45295,SRTDIITTSPSAEECG,VP1_2A
ALG4_AXG50468,ERGSLTTTSPSAEECG,VP1_2A
ALG4_AUF49623,KRDSLTTTSPSAEECG,VP1_2A
ALG4_AUF49633,KRDSLTTTSPSAEECG,VP1_2A
ALG4_AUF49634,KRDSLTTTSPSAEECG,VP1_2A
ALG4_AUF49645,KRDSLTTTSPSAEECG,VP1_2A
ALG4_AUF49659,KRDSLTTTSPSAEECG,VP1_2A
ALG4_AUF49670,KRDSLTTTSPSAEECG,VP1_2A
ALG4_AUF49671,KRDSLTTTSPSAEECG,VP1_2A
ALG4_1079491410,KRDSLTTTSPSAEECG,VP1_2A
ALG4_1019982869,SITAMTNTSPTVEECG,VP1_2A
ALG4_QJR83056,SITTMTNTSPTVEECG,VP1_2A
ALG4_ARB48778,SITAMTNTSPTVEECG,VP1_2A
ALG4_733373012,SITAMTNTSPTVEECG,VP1_2A
ALG4_AUO29149,SITAMTNTSPTVEECG,VP1_2A
ALG4_ARO77489,SITTMTNTSPTVEECG,VP1_2A
ALG4_984307482,SITTMTNTSPTVEECG,VP1_2A
ALG4_984307484,SITTMTNTSPTVEECG,VP1_2A
ALG4_984307486,SITTMTNTSPTVEECG,VP1_2A
ALG4_984307488,SITTMTNTSPTVEECG,VP1_2A
ALG4_984307502,SITTMTNTSPTVEECG,VP1_2A
ALG4_973584798,SITTMTNTSPTVEECG,VP1_2A
ALG4_984307492,SITTMTNTSPTVEECG,VP1_2A
ALG4_984307496,SITTMTNTSPTVEECG,VP1_2A
ALG4_984307500,SITTMTNTSPTVEECG,VP1_2A
ALG4_984307498,SITTMTNTSPTVEECG,VP1_2A
ALG4_973584800,SITTMTNTSPTVEECG,VP1_2A
ALG4_973584796,SITTMTNTSPTVEECG,VP1_2A
ALG4_984307494,SITTMTNTSPTVEECG,VP1_2A
ALG4_973584802,SITTMTNTSPTVEECG,VP1_2A
ALG4_984307490,SITTMTNTSPTVEECG,VP1_2A
ALG4_AUF49630,SITTMTNTSPTVEECG,VP1_2A
ALG4_AUF49632,SVTAMTNTSPTVEECG,VP1_2A
ALG4_AUF49639,SITAMTNTSPTVEECG,VP1_2A
ALG4_AUF49642,SITAMTNTSPTVEECG,VP1_2A
ALG4_AUF49652,SITAMTNTSPTVEECG,VP1_2A
ALG4_AUF49654,SITAMTNTSPTVEECG,VP1_2A
ALG4_AUF49655,SITAMTNTSPTVEECG,VP1_2A
ALG4_AUF49656,SITAMTNTSPTVEECG,VP1_2A
ALG4_AUF49657,SITAMTNTSPTVEECG,VP1_2A
ALG4_QBF68060,SITTMTNTSPTVEECG,VP1_2A
ALG4_YP,SITTMTNTSPTVEECG,VP1_2A
ALG4_QER78684,SITAMTNTSPTVEECG,VP1_2A
ALG4_AZI15686,SITTMTNTSPTVEECG,VP1_2A
ALG4_AZI15685,SITTMTNTSPTVEECG,VP1_2A
ALG4_QKZ25342,ERANLVTTSPTVEECG,VP1_2A
ALG4_AUO29155,ERANLVTTSPTVEECG,VP1_2A
ALG4_APT69848,ERANLVTTSPTVEECG,VP1_2A
ALG4_1049300176,ERASLITTSPTVEECG,VP1_2A
ALG4_1126634355,ERTSLITTSPTVEECG,VP1_2A
ALG4_AUF49628,ERASLITTSPTVEECG,VP1_2A
ALG4_AUF49647,ERASLITTSPTVEECG,VP1_2A
ALG4_AUF49675,ERASLITTSPTVEECG,VP1_2A
ALG4_QHH26298,EITAMQTTSPSAEECG,VP1_2A
ALG4_QHH26299,EITAMQTTSPSAEECG,VP1_2A
ALG4_QHH26276,DITTMQTTSPSAEECG,VP1_2A
ALG4_QHH26281,EITAMQTTSPSAEECG,VP1_2A
ALG4_ATV91618,EITAMQTTSPSAEECG,VP1_2A
ALG4_QJR83057,DITTMQTTSPSAEECG,VP1_2A
ALG4_QAT18819,DITTMQTTSPSAEECG,VP1_2A
ALG4_QAT18820,DITTMQTTSPSAEECG,VP1_2A
ALG4_QAT18821,DITTMQTTSPSAEECG,VP1_2A
ALG4_QAT18822,DITTMQTTSPSAEECG,VP1_2A
ALG4_QAT18823,DITTMQTTSPSAEECG,VP1_2A
ALG4_QAT18818,DITTMQTTSPSAEECG,VP1_2A
ALG4_AUO29150,EITAMQTTSPSAEECG,VP1_2A
ALG4_AWX63830,DITTMQTTSPSAEECG,VP1_2A
ALG4_AUF49636,EITAMQTTSPSAEECG,VP1_2A
ALG4_AUF49643,DITAMQTTSPSAEECG,VP1_2A
ALG4_AUF49668,KITAMQTTSPSAEECG,VP1_2A
ALG4_AUF49669,KITAMQTTSPSAEECG,VP1_2A
ALG4_AXN77381,DITTMQTTSPSAEECG,VP1_2A
ALG4_APZ85755,NVSNLATFSPSAEECG,VP1_2A
ALG4_APZ85756,NVSNLATFSPSAEECG,VP1_2A
ALG4_APZ85757,NVSNLATFSPSAEECG,VP1_2A
ALG4_APZ85758,NVSNLTTFSPSAEECG,VP1_2A
ALG4_198041326,TTRPMHTYSPTVEECG,VP1_2A
ALG4_AXG50466,AVQSVTTHSPSAEECG,VP1_2A
ALG4_61608275,VMRKHYTHSPNAEECG,VP1_2A
ALG4_QJQ24977,SHSKVVNTSPTVEECG,VP1_2A
ALG4_QJQ24978,SHSKVVNTSPTVEECG,VP1_2A
ALG4_QJQ24979,SHSKVVNTSPTVEECG,VP1_2A
ALG4_37993798,DITTMKTTSPSAEECG,VP1_2A
ALG4_8896133,DITTMKTTSPSAEECG,VP1_2A
ALG4_157741819,DITTMKTTSPSAEECG,VP1_2A
ALG4_QCO76038,DITTMKTTSPSAEECG,VP1_2A
ALG4_AYO51725,DITTMKTTSPSAEECG,VP1_2A
ALG4_222630,DITTMKTTSPSAEECG,VP1_2A
