name,peptide,site
ALG4_408842859,DAMEQGVRDY,2A_2B
ALG4_ARF07867,DAMEQGVKDY,2A_2B
ALG4_AUF49624,DAMEQGVKDY,2A_2B
ALG4_AUF49657,DAMEQGVKDY,2A_2B
ALG4_AUF49625,DAMEQGVKDY,2A_2B
ALG4_QHH26278,DAMEQGVRDY,2A_2B
ALG4_984307482,DAMEQGVKDY,2A_2B
ALG4_BAK57449,DAMEQGVRDY,2A_2B
ALG4_ATV91596,DAMEQGVKDY,2A_2B
ALG4_773290,DAMEQGVKDY,2A_2B
ALG4_34485440,DAMEQGVKDY,2A_2B
ALG4_58372546,DAMEQGVRDY,2A_2B
ALG4_536669961,DAMEQGVTEY,2A_2B
ALG4_28610116,DAMEQGVKDY,2A_2B
ALG4_AVM86034,DAMEQGVRDY,2A_2B
ALG4_587655618,DAMEQGVKDY,2A_2B
ALG4_AVQ93625,EAMEQGVKDY,2A_2B
ALG4_207113489,DAMEQGVKDY,2A_2B
ALG4_808216302,DAMEQGVKDY,2A_2B
ALG4_59046,DAMEQGVKDY,2A_2B
ALG4_199599828,DAMEQGVKDY,2A_2B
ALG4_AUD08538,DAMEQGVKDY,2A_2B
ALG4_AWN09260,DAMEQGVKDY,2A_2B
ALG4_AVM86033,DAMEQGVRDY,2A_2B
ALG4_733373020,DAMEQGVKEY,2A_2B
ALG4_QJR83057,DAMEQGVKDY,2A_2B
ALG4_QDO72761,DAMEQGVKDY,2A_2B
ALG4_AXQ00218,DAMEQGVRDY,2A_2B
ALG4_ASU43933,DAMEQGVKGY,2A_2B
ALG4_34485418,DAMEQGVKDY,2A_2B
ALG4_AVQ93627,DAMEQGVKDY,2A_2B
ALG4_AUD08544,DAMEQGVKDY,2A_2B
ALG4_380082987,DAMEQGVKDY,2A_2B
ALG4_AVQ93628,DAMEQGVKDY,2A_2B
ALG4_QJQ24977,DAMEQGVKDY,2A_2B
ALG4_50399447,DAMEQGVKNY,2A_2B
ALG4_APW91090,DAMEQGVRDY,2A_2B
ALG4_1134678845,DAMEQGVKDY,2A_2B
ALG4_733373014,DAMEQGVKDY,2A_2B
ALG4_AUF49659,DAMEQGVKDY,2A_2B
ALG4_AXG24377,DAMEQGVKDY,2A_2B
ALG4_1042021422,DAMEQGVKDY,2A_2B
ALG4_303362831,DAMEQGVKDY,2A_2B
ALG4_QIZ63255,DAMEQGVRNY,2A_2B
ALG4_442539514,DAMEQGVKDY,2A_2B
ALG4_746818543,DAMEQGVKDY,2A_2B
ALG4_QER78682,DAMVQGVKDY,2A_2B
ALG4_987390375,DAMEQGVRDY,2A_2B
ALG4_404433877,DAMEQGVRDY,2A_2B
ALG4_6650685,DAMEQGVRDY,2A_2B
ALG4_511636106,EAMEQGVKDY,2A_2B
ALG4_QDI78386,DAMEQGVKDY,2A_2B
ALG4_442539508,DAMEQGVKDY,2A_2B
ALG4_AUF49628,DAMEQGVKDY,2A_2B
ALG4_987390373,DAMEQGVRDY,2A_2B
ALG4_62990060,DAMEQGVKDY,2A_2B
ALG4_733373010,DAMEQGVKDY,2A_2B
ALG4_595597885,DAMEQGVKDY,2A_2B
ALG4_788303261,DAMEQGVKDY,2A_2B
ALG4_AUF49651,DAMEQGVKDY,2A_2B
ALG4_987390367,DAMEQGVKNY,2A_2B
ALG4_34485448,DAMEQGVRDY,2A_2B
ALG4_209981446,DAMEQGVKDY,2A_2B
ALG4_1042021414,DAMEQGVKDY,2A_2B
ALG4_AUF49639,DAMEQGVKDY,2A_2B
ALG4_QJR83058,DAMEQGVKDY,2A_2B
ALG4_QMU23623,DAMEQGVKDY,2A_2B
ALG4_ARO77489,DAMEQGVKDY,2A_2B
ALG4_425891889,DAMEQGVKDY,2A_2B
ALG4_ASU64358,DAMEQGVKDY,2A_2B
ALG4_61608291,DAMEQGVKDY,2A_2B
ALG4_380706267,DAMEQGVRDY,2A_2B
ALG4_397776234,DAMEQGVKDY,2A_2B
ALG4_425891887,DAMEQGVKNY,2A_2B
ALG4_34485442,DAMEQGVKDY,2A_2B
ALG4_684138051,DAMEQGVRDY,2A_2B
ALG4_QKX44773,DAMEQGVKDY,2A_2B
ALG4_323418,DAMEQGVKDY,2A_2B
ALG4_440385910,DAMEQGVRDY,2A_2B
ALG4_34485434,DAMEQGVKDY,2A_2B
ALG4_1373228,DAMEQGVKDY,2A_2B
ALG4_746818541,DAMEQGVKDY,2A_2B
ALG4_AUO29151,DAMEQGVKAY,2A_2B
ALG4_306026114,DAMEQGVRDY,2A_2B
ALG4_AUD08546,DAMEQGVKDY,2A_2B
ALG4_APW91136,DAMEQGVRNY,2A_2B
ALG4_QIZ12960,DAMEQGVRDY,2A_2B
ALG4_973584800,DAMEQGVKDY,2A_2B
ALG4_814603515,DAMEQGVRDY,2A_2B
ALG4_594103483,DAMEQGVKDY,2A_2B
ALG4_94449175,DAMEQGVKDY,2A_2B
ALG4_QAT18821,DAMEQGVKDY,2A_2B
ALG4_AXG50473,DAMEQGVKDY,2A_2B
ALG4_33317933,DAMEQGVKDY,2A_2B
ALG4_QAT18823,DAMEQGVKDY,2A_2B
ALG4_AUD08530,DAMEQGVKDY,2A_2B
ALG4_1042021424,DAMEQGVKDY,2A_2B
ALG4_34485460,DAMEQGVKGY,2A_2B
ALG4_AZI15681,DAMEQGVKDY,2A_2B
ALG4_AUF49642,DAMEQGVKDY,2A_2B
ALG4_727358079,DAMEQGVKDY,2A_2B
ALG4_AOX15246,DAMEQGVKDY,2A_2B
ALG4_4104747,DAMEQGVRDY,2A_2B
ALG4_510834,DAMEQGVKDY,2A_2B
ALG4_QDD55627,DAMEQGVRDY,2A_2B
ALG4_984307486,DAMEQGVKDY,2A_2B
ALG4_QER78683,DAMEQGVTDY,2A_2B
ALG4_61608306,DAMEQGVKDY,2A_2B
ALG4_442539510,DAMEQGVRDY,2A_2B
ALG4_AUF49637,DAMEQGVKDY,2A_2B
ALG4_50604533,DVMEQGVKAY,2A_2B
ALG4_BAK57448,DAMEQGVRDY,2A_2B
ALG4_1096124002,DAMEQGVKDY,2A_2B
ALG4_AUF49630,DAMEQGVKDY,2A_2B
ALG4_AUD08537,DAMEQGVKDY,2A_2B
ALG4_QDD55610,DAMEQGVRDY,2A_2B
ALG4_829487932,DAMEQGVRDY,2A_2B
ALG4_AUD08536,DAMEQGVKDY,2A_2B
ALG4_34485432,DAMEQGVRDY,2A_2B
ALG4_AWX63812,DAMEQGVRDY,2A_2B
ALG4_10863163,DAMEQGVKDY,2A_2B
ALG4_QHH26298,DAMEQGVKDY,2A_2B
ALG4_AUF49629,DAMEQGVKSY,2A_2B
ALG4_831358631,DAMEQGVRDY,2A_2B
ALG4_AZI15684,DAMEQGVRDY,2A_2B
ALG4_SPS68043,DAMEQGVKDY,2A_2B
ALG4_34485424,DAMEQGVRDY,2A_2B
ALG4_388330799,DAMEQGVRDY,2A_2B
ALG4_1042021432,DAMEQGVKDY,2A_2B
ALG4_5533301,DAMEQGVKDY,2A_2B
ALG4_49425063,DAMEQGVKDY,2A_2B
ALG4_QJQ24979,DAMEQGVKDY,2A_2B
ALG4_AYO51725,DAMEQGVRDY,2A_2B
ALG4_5669021,DAMEQGVKDY,2A_2B
ALG4_585421084,DAMEQGVKDY,2A_2B
ALG4_121281800,DAMEQGVRDY,2A_2B
ALG4_BAK57455,DAMEQGVRDY,2A_2B
ALG4_442539512,DAMEQGVRDY,2A_2B
ALG4_34485444,DAMEQGVKDY,2A_2B
ALG4_61608275,DAMEQGVKDY,2A_2B
ALG4_QJR83056,DAMEQGVKDY,2A_2B
ALG4_APW91137,DAMEQGVRDY,2A_2B
ALG4_397776236,DAMEQGVRDY,2A_2B
ALG4_AUF49631,DAMEQGVRDY,2A_2B
ALG4_295984376,DAMEQGVKGY,2A_2B
ALG4_AVQ93624,DAMEQGVRDY,2A_2B
ALG4_QIZ63256,DAMEQGVRNY,2A_2B
ALG4_984307488,DAMEQGVKDY,2A_2B
ALG4_745636815,DATEQGVKDY,2A_2B
ALG4_AWX63811,DAMEQGVRDY,2A_2B
ALG4_308445303,DAMEQGVKDY,2A_2B
ALG4_QGA30889,DAMEQGVKDY,2A_2B
ALG4_442539506,DAMEQGVRDY,2A_2B
ALG4_984307484,DAMEQGVKDY,2A_2B
ALG4_106636123,DAMEQGVKDY,2A_2B
ALG4_QBM01045,DAMEQGVKDY,2A_2B
ALG4_1042021430,DAMEQGVKDY,2A_2B
ALG4_AUF49674,DAMEQGVKDY,2A_2B
ALG4_262283885,DAMEQGVKDY,2A_2B
ALG4_61608303,DAMEQGVRDY,2A_2B
ALG4_733373012,DAMEQGVKDY,2A_2B
ALG4_17224873,DAMEQGVKDY,2A_2B
ALG4_QBM01044,DAMEQGVKDY,2A_2B
ALG4_AUD08542,DAMEQGVKDY,2A_2B
ALG4_323433,DAMEQGVKDY,2A_2B
ALG4_AUF49644,DAMEQGVKDY,2A_2B
ALG4_AXG50466,DAMEQGVKGY,2A_2B
ALG4_AZT88545,DAMEQGVRDY,2A_2B
ALG4_397328566,DAMEQGVKDY,2A_2B
ALG4_15809620,DAMEQGVRDY,2A_2B
ALG4_BAK57453,DAMEQGVRDY,2A_2B
ALG4_AUF49636,DAMEQGVKDY,2A_2B
ALG4_AUO29149,DAMEQGVKDY,2A_2B
ALG4_QGA30890,DAMEQGVKDY,2A_2B
ALG4_QCO76038,DAMEQGVRDY,2A_2B
ALG4_519773567,DAMEQGVKDY,2A_2B
ALG4_984307494,DAMEQGVKDY,2A_2B
ALG4_AVM86035,DAMEQGVRDY,2A_2B
ALG4_BAK57450,DAMEQGVRDY,2A_2B
ALG4_AUF49632,DAMEQGVKDY,2A_2B
ALG4_323422,DAMEQGVKDY,2A_2B
ALG4_AWA45295,DAMEQGVRDY,2A_2B
ALG4_AYD61416,DAMEQGVRDY,2A_2B
ALG4_426272787,DAMEQGVRDY,2A_2B
ALG4_AXY54924,DAMEQGVKDY,2A_2B
ALG4_402830006,DAMEQGVRDY,2A_2B
ALG4_QHH26282,DAMEQGVKDY,2A_2B
ALG4_QDD55567,DAMEQGVRDY,2A_2B
ALG4_AXF50738,DAMEQGVKDY,2A_2B
ALG4_410816911,DAMEQGVKDY,2A_2B
ALG4_AUD08525,DAMEQGVKDY,2A_2B
ALG4_54399971,DAMEQGVKDY,2A_2B
ALG4_397328564,DAMEQGVKDY,2A_2B
ALG4_ASZ69778,DAMEQGVRDY,2A_2B
ALG4_61608300,DAMEQGVKDY,2A_2B
ALG4_667755399,DAMEQGVKDY,2A_2B
ALG4_1079491410,DAMEQGVRDY,2A_2B
ALG4_AUD08527,DAMEQGVKDY,2A_2B
ALG4_764120825,DAMEQGVKGY,2A_2B
ALG4_4378012,DAMEQGVKDY,2A_2B
ALG4_AUD08526,DAMEQGVKDY,2A_2B
ALG4_ARB07845,DAMEQGVKDY,2A_2B
ALG4_AUF49643,DAMEQGVKDY,2A_2B
ALG4_AUD08539,DAMEQGVKDY,2A_2B
ALG4_APW91138,DAMEQGVRDY,2A_2B
ALG4_APZ85757,DAMEQGVKDY,2A_2B
ALG4_AUD08543,DAMEQGVKDY,2A_2B
ALG4_ARR74572,DAMEQGVKDY,2A_2B
ALG4_987390365,DAMEQGVRDY,2A_2B
ALG4_QJQ24978,DAMEQGVKDY,2A_2B
ALG4_375004671,DAMEQGVKDY,2A_2B
ALG4_33317931,DAMEQGIKDY,2A_2B
ALG4_AXG24376,DAMEQGVRDY,2A_2B
ALG4_BBF97830,DAMEQGVKDY,2A_2B
ALG4_239916538,DAMEQGVKDY,2A_2B
ALG4_306026116,DAMEQGVRDY,2A_2B
ALG4_1063278,DAMEQGVKDY,2A_2B
ALG4_AUF49647,DAMEQGVKDY,2A_2B
ALG4_AUD08531,DAMEQGVKDY,2A_2B
ALG4_QIZ63251,DAMEQGVRNY,2A_2B
ALG4_QAT18819,DAMEQGVKDY,2A_2B
ALG4_924347630,DAMEQGVKDY,2A_2B
ALG4_QJT73092,DAMEQGVKNY,2A_2B
ALG4_998751931,DAMEQGVKDY,2A_2B
ALG4_AXN77381,DAMEQGVKDY,2A_2B
ALG4_2051999,DAMEQGVKDY,2A_2B
ALG4_AVQ93623,DAMEQGVRDY,2A_2B
ALG4_987390371,DAMEQGVRDY,2A_2B
ALG4_519773569,DAMEQGVKDY,2A_2B
ALG4_AXG50472,DAMEQGVRDY,2A_2B
ALG4_AVM86032,DAMEQGVRDY,2A_2B
ALG4_QHX99541,DAMEQGVKDY,2A_2B
ALG4_AUD08524,DAMEQGVKDY,2A_2B
ALG4_590122443,DAMEQGVRDY,2A_2B
ALG4_584613685,DAMEQGVRDY,2A_2B
ALG4_AXN77382,DAMEQGVKDY,2A_2B
ALG4_335352399,DAMEQGVKDY,2A_2B
ALG4_341864480,DAMEQGVKDY,2A_2B
ALG4_QHH26276,DAMEQGVKDY,2A_2B
ALG4_924347623,DAMEQGVKDY,2A_2B
ALG4_15809622,DAMEQGIKDY,2A_2B
ALG4_BAK57454,DAMEQGVRDY,2A_2B
ALG4_QDO72760,DAMEQGVRDY,2A_2B
ALG4_405779214,DAMEQGVKDY,2A_2B
ALG4_221215,DAMEQGVKDY,2A_2B
ALG4_61658401,DAMEQGVKDY,2A_2B
ALG4_984307492,DAMEQGVKDY,2A_2B
ALG4_10863161,DAMEQGVKDY,2A_2B
ALG4_QBF68060,DAMEQGVKDY,2A_2B
ALG4_814603531,DAMEQGVKDY,2A_2B
ALG4_50399457,DAMEQGVKGY,2A_2B
ALG4_AUO29153,DAMEQGVRDY,2A_2B
ALG4_290109431,DAMEQGVRDY,2A_2B
ALG4_61608312,DAMEQGVKDY,2A_2B
ALG4_AUF49676,DAMEQGVKDY,2A_2B
ALG4_374922461,DAMEQGVRDY,2A_2B
ALG4_AZI15686,DAMEQGVKDY,2A_2B
ALG4_157741819,DAVEQGVRDY,2A_2B
ALG4_54399973,DAMEQGVKDY,2A_2B
ALG4_21886601,DAMEQGVKDY,2A_2B
ALG4_814603529,DAMEQGVKDY,2A_2B
ALG4_397328568,DAMEQGVKDY,2A_2B
ALG4_34485426,DAMEQGVKDY,2A_2B
ALG4_AXG50468,DAMEQGVKDY,2A_2B
ALG4_6465921,DAMEQGVRDY,2A_2B
ALG4_QDD55635,DAMEQGVKDY,2A_2B
ALG4_1019982869,DAMEQGVKDY,2A_2B
ALG4_34485450,DAMEQGVKDY,2A_2B
ALG4_973584798,DAMEQGVKDY,2A_2B
ALG4_AVQ93626,DAMEQGVRDY,2A_2B
ALG4_539332336,DAMEQGVKDY,2A_2B
ALG4_1042021426,DAMEQGVKDY,2A_2B
ALG4_AXG50475,DAMEQGVKDY,2A_2B
ALG4_34485454,DAMEQGVKDY,2A_2B
ALG4_222630,DAMEQGVRDY,2A_2B
ALG4_1042021416,DAMEQGVKDY,2A_2B
ALG4_QHH26299,DAMEQGVKDY,2A_2B
ALG4_1042021434,DAMEQGVKDY,2A_2B
ALG4_50399449,DAMEQGVKDY,2A_2B
ALG4_539332325,DAMEQGVKDY,2A_2B
ALG4_440385912,DAMEQGVRDY,2A_2B
ALG4_619854493,DAMEQGVRDY,2A_2B
ALG4_34485430,DAMEQGVKDY,2A_2B
ALG4_973584796,DAMEQGVKDY,2A_2B
ALG4_AXN77379,DAMEQGVKDY,2A_2B
ALG4_146218329,DAMEQGVKDY,2A_2B
ALG4_814603523,DAMEQGVKDY,2A_2B
ALG4_ARB48778,DAMEQGVKDY,2A_2B
ALG4_QHH26295,DAMEQGVKDY,2A_2B
ALG4_570709917,DAMEQGVKGY,2A_2B
ALG4_924347617,DAMEQGVKDY,2A_2B
ALG4_QGL06947,DAMEQGVRDY,2A_2B
ALG4_924347627,DAMEQGVRDY,2A_2B
ALG4_594103444,DAMEQGVKDY,2A_2B
ALG4_28610114,DAMEQGVKDY,2A_2B
ALG4_1042021406,DAMEQGVKDY,2A_2B
ALG4_34485420,DAMEQGVKAY,2A_2B
ALG4_AUF49653,DAMEQGVKDY,2A_2B
ALG4_397328570,DAMEQGVKDY,2A_2B
ALG4_814603525,DAMEQGVKDY,2A_2B
ALG4_34485436,DAMEQGVKDY,2A_2B
ALG4_AZI15682,DAMEQGVKDY,2A_2B
ALG4_AUD08533,DAMEQGVKDY,2A_2B
ALG4_QNS36366,DAMEQGVKDY,2A_2B
ALG4_814603517,DAMEQGVKDY,2A_2B
ALG4_AVI05002,DAMEQGVKDY,2A_2B
ALG4_AUO29156,DAMEQGVRDY,2A_2B
ALG4_QBF51812,DAMEQGVKTY,2A_2B
ALG4_684138053,DAMEQGVRDY,2A_2B
ALG4_AUF49658,DAMEQGVKDY,2A_2B
ALG4_619498817,DAMEQGVRNY,2A_2B
ALG4_769800,DAMEQGVKDY,2A_2B
ALG4_AUF49664,DAMEQGVKDY,2A_2B
ALG4_QOP74967,DAMEQGVKDY,2A_2B
ALG4_AVM86030,DAMEQGIKDY,2A_2B
ALG4_749526965,DAMEQGVRDY,2A_2B
ALG4_404433883,DAMEQGVRDY,2A_2B
ALG4_AUF49654,DAMEQGVKDY,2A_2B
ALG4_1049300176,DAMEQGVKDY,2A_2B
ALG4_AUF49623,DAMEQGVKDY,2A_2B
ALG4_198041326,DAMEQGVRDY,2A_2B
ALG4_AUD08541,DAMEQGVKDY,2A_2B
ALG4_13128903,DAMEQGVRDY,2A_2B
ALG4_AUO29150,DAMEQGVRDY,2A_2B
ALG4_61608287,DAMEQGVKDY,2A_2B
ALG4_AUO29157,DAMEQGVKDY,2A_2B
ALG4_AUF49635,DAMEQGVRDY,2A_2B
ALG4_AXN77380,DAMEQGVKDY,2A_2B
ALG4_QIZ63254,DAMEQGVRNY,2A_2B
ALG4_335352401,DAMEQGVKDY,2A_2B
ALG4_198041324,DAMEQGVRDY,2A_2B
ALG4_404433881,DAMEQGVRDY,2A_2B
ALG4_323420,DAMEQGVKDY,2A_2B
ALG4_AUO29155,DAMEQGVRDY,2A_2B
ALG4_984307502,DAMEQGVKDY,2A_2B
ALG4_AUD08528,DAMEQGVKDY,2A_2B
ALG4_61608294,DVMEQGVKDY,2A_2B
ALG4_1151119932,DAMEQGVKDY,2A_2B
ALG4_AUD08540,DAMEQGVKDY,2A_2B
ALG4_157004270,DAMEQGVKDY,2A_2B
ALG4_AUD08529,DAMEQGVKDY,2A_2B
ALG4_984307496,DAMEQGVKDY,2A_2B
ALG4_8896133,DAMEQGVRGY,2A_2B
ALG4_QKZ25342,DAMEQGVKDY,2A_2B
ALG4_474421,DAMEQGVKDY,2A_2B
ALG4_984307490,DAMEQGVKDY,2A_2B
ALG4_AUF49668,DAMEQGVKDY,2A_2B
ALG4_ATV91618,DAMEQGVKDY,2A_2B
ALG4_440385914,DAMEQGVRDY,2A_2B
ALG4_1042021428,DAMEQGVKDY,2A_2B
ALG4_61032,DAMEQGVKDY,2A_2B
ALG4_34485456,DAMEQGVKDY,2A_2B
ALG4_ARB07388,DAMEQGVKDY,2A_2B
ALG4_AUD08535,DAMEQGVKDY,2A_2B
ALG4_ASU64357,DAMEQGVKDY,2A_2B
ALG4_1060479462,DAMEQGVRDY,2A_2B
ALG4_924351104,DAMEQGIKDY,2A_2B
ALG4_QER78684,DAMEQGVKDY,2A_2B
ALG4_528323956,DAMEQGVKDY,2A_2B
ALG4_404553511,DAMEQGVKDY,2A_2B
ALG4_QIZ63252,DAMEQGVRNY,2A_2B
ALG4_BAK57452,DAMEQGVRDY,2A_2B
ALG4_AUF49655,DAMEQGVKDY,2A_2B
ALG4_984307500,DAMEQGVKDY,2A_2B
ALG4_17224875,DAMEQGVKDY,2A_2B
ALG4_814603503,DAMEQGVKDY,2A_2B
ALG4_AUD08532,DAMEQGVKDY,2A_2B
ALG4_BAK57446,DAMEQGVRDY,2A_2B
ALG4_ARF07867,MAERQNNNWL,2B_2C
ALG4_34485454,MAERQNNGWL,2B_2C
ALG4_50399447,MAERQNNGWL,2B_2C
ALG4_727358079,MAERQNNGWL,2B_2C
ALG4_323420,MAERQNNSWL,2B_2C
ALG4_QAT18820,MAERQNNGWL,2B_2C
ALG4_AUD08531,MAERQNNGWL,2B_2C
ALG4_AYD61416,MAERQNNGWL,2B_2C
ALG4_AUD08547,MAERQGDGWL,2B_2C
ALG4_924347625,MAERQSNGWL,2B_2C
ALG4_1042021414,MAERQNNGWL,2B_2C
ALG4_398330012,MAERQSNGWL,2B_2C
ALG4_QDD55567,MAERQNNGWL,2B_2C
ALG4_QJR83059,MAERQNNGWL,2B_2C
ALG4_511636106,MAERQNNGWL,2B_2C
ALG4_375004671,MAERQNNGWL,2B_2C
ALG4_AUD08534,MAERQGDGWL,2B_2C
ALG4_AXN77380,AAERQNNGWL,2B_2C
ALG4_BBF97827,MAERQNNGWL,2B_2C
ALG4_519773569,MAERQNNGWL,2B_2C
ALG4_78499755,MAERQNNGWL,2B_2C
ALG4_539332336,TAERQNNGWL,2B_2C
ALG4_61032,MAERQNNGWL,2B_2C
ALG4_733373014,MAERQNNGWL,2B_2C
ALG4_AOW41918,MAERQNNGWL,2B_2C
ALG4_ATG80398,MAERQNNGWL,2B_2C
ALG4_397328566,MAERQNNGWL,2B_2C
ALG4_402830006,MAERQSNGWL,2B_2C
ALG4_788303261,MAERQNNGWL,2B_2C
ALG4_1042021418,MAERQNNGWL,2B_2C
ALG4_QHH26276,TAERQGPPVY,2B_2C
ALG4_AWX63811,MAERQNNGWL,2B_2C
ALG4_987390373,TAERQNNGWL,2B_2C
ALG4_AUD08532,MAERQNNSWL,2B_2C
ALG4_34485452,MAERQNNGWL,2B_2C
ALG4_AZI15685,MAERQNNGWL,2B_2C
ALG4_924351104,MAVRQNNGWL,2B_2C
ALG4_AVQ93624,MAERQNNGWL,2B_2C
ALG4_BAK57454,MAERQNNGWL,2B_2C
ALG4_AXG50468,MAERQSNGWL,2B_2C
ALG4_AWX63810,MAERQNNGWL,2B_2C
ALG4_397328564,MAERQNNGWL,2B_2C
ALG4_308445301,MAQRQNNGWL,2B_2C
ALG4_198041330,MAERQNNGWL,2B_2C
ALG4_APZ85756,MAERQNNGWL,2B_2C
ALG4_AUF49630,MAERQNNSWL,2B_2C
ALG4_6465921,MAERQSNGWL,2B_2C
ALG4_308445303,MAERQNSGWL,2B_2C
ALG4_AXQ00218,MAERQNNGWL,2B_2C
ALG4_AUF49663,MAERQNNGWL,2B_2C
ALG4_QDO72761,MAERQNNGWL,2B_2C
ALG4_587655618,MAERQNNGWL,2B_2C
ALG4_QHH26276,TAERQGEIEF,2B_2C
ALG4_APZ85755,MAERQNNGWL,2B_2C
ALG4_764120825,MAERQNNGWL,2B_2C
ALG4_117574537,MAERQSNGWL,2B_2C
ALG4_684138051,MAERQNNGWL,2B_2C
ALG4_ARB07388,MAERQNNGWL,2B_2C
ALG4_984307498,MAERQNNNWL,2B_2C
ALG4_QDO72760,MAERQSNGWL,2B_2C
ALG4_AUO29151,MAERQNNNWL,2B_2C
ALG4_AUD08539,MAERQSNGWL,2B_2C
ALG4_28610116,MAERQNNGWL,2B_2C
ALG4_QKZ25342,MAERQNNSWL,2B_2C
ALG4_61608300,MAERQNNGWL,2B_2C
ALG4_984307490,MAERQSNGWL,2B_2C
ALG4_594103444,MAERQNNGWL,2B_2C
ALG4_34485450,MAERQNNGWL,2B_2C
ALG4_33317931,MAERQNNGWL,2B_2C
ALG4_34485442,MAERQNNGWL,2B_2C
ALG4_AUF49631,AAERQNNGWL,2B_2C
ALG4_AUF49647,MAERQNNGWL,2B_2C
ALG4_4378012,MAERQNNGWL,2B_2C
ALG4_209981446,MAERQNNGWL,2B_2C
ALG4_380706267,MAERQSNGWL,2B_2C
ALG4_QBM01044,MAERQNSGWL,2B_2C
ALG4_AXG50473,MAERQNNGWL,2B_2C
ALG4_584613685,MAERQNNGWL,2B_2C
ALG4_984307484,MAERQNNNWL,2B_2C
ALG4_34485422,MAEHQSNGWL,2B_2C
ALG4_AUF49658,TAERQNNGWL,2B_2C
ALG4_1042021430,MAERQNNGWL,2B_2C
ALG4_746818541,MAERQNNGWL,2B_2C
ALG4_QCO76038,MAERQNSGWL,2B_2C
ALG4_375004673,MAERQNNGWL,2B_2C
ALG4_AVM86031,MAERQNNGWL,2B_2C
ALG4_QIZ12960,MAERQNNGWL,2B_2C
ALG4_QHH26282,MAERQNNGWL,2B_2C
ALG4_37993798,MAERQNSGWL,2B_2C
ALG4_405779214,MAERQNNSWL,2B_2C
ALG4_1060479462,MAERQNNGWL,2B_2C
ALG4_AUD08537,MAERQSNGWL,2B_2C
ALG4_QJA28495,MAERQNNGWL,2B_2C
ALG4_AUF49669,MAERQNNGWL,2B_2C
ALG4_440385914,MAERQSNGWL,2B_2C
ALG4_410816911,MAERQNNNWL,2B_2C
ALG4_AXQ00219,MAERQSNGWL,2B_2C
ALG4_QJQ24978,MAERQNNGWL,2B_2C
ALG4_1063278,MAERQSNGWL,2B_2C
ALG4_APZ85757,MAERQNNGWL,2B_2C
ALG4_1042021432,MAERQNNGWL,2B_2C
ALG4_QJT73092,MAERQNNGWL,2B_2C
ALG4_QGL06947,MAERQSNGWL,2B_2C
ALG4_34485426,MAERQNNGWL,2B_2C
ALG4_829487932,MAERQNNGWL,2B_2C
ALG4_15809622,MAERQNNGWL,2B_2C
ALG4_221215,MAERQNDSWL,2B_2C
ALG4_QQP23540,MAERQNNGWL,2B_2C
ALG4_QKX44773,MAERQNNGWL,2B_2C
ALG4_442539508,MAERQGPPVY,2B_2C
ALG4_198041324,MAERQSNGWL,2B_2C
ALG4_17224875,MAERQNNNWL,2B_2C
ALG4_510834,MAERQNNGWL,2B_2C
ALG4_ASU64358,MAERQNSGWL,2B_2C
ALG4_QDI78386,MAERQNNGWL,2B_2C
ALG4_442539508,MAERQGAYTG,2B_2C
ALG4_33111999,MAERQNNGWL,2B_2C
ALG4_335352399,MAERQNNSWL,2B_2C
ALG4_QHH26276,TAERQGPAFE,2B_2C
ALG4_QIZ63251,MAERQNNGWL,2B_2C
ALG4_AVQ93626,MAERQNNGWL,2B_2C
ALG4_AUF49653,MAERQNNGWL,2B_2C
ALG4_590122443,MAERQNNGWL,2B_2C
ALG4_QHH26276,TAERQGAYTG,2B_2C
ALG4_34485448,MAERQNNGWL,2B_2C
ALG4_667755399,MAERQNNGWL,2B_2C
ALG4_BAK57455,MAERQNNGWL,2B_2C
ALG4_AUO29155,MAERQNNGWL,2B_2C
ALG4_973584796,MAERQNNNWL,2B_2C
ALG4_AXG50466,MAERQNNGWL,2B_2C
ALG4_AUF49635,MAERQNNGWL,2B_2C
ALG4_AUO29149,MAERQNNNWL,2B_2C
ALG4_2051999,MAERQSNGWL,2B_2C
ALG4_619498817,GAERQKNGWL,2B_2C
ALG4_984307502,MAERQNNNWL,2B_2C
ALG4_1042021412,MAERQNNGWL,2B_2C
ALG4_61608287,MAERQNSGWL,2B_2C
ALG4_QHH26276,TAERQNNGWL,2B_2C
ALG4_APW91137,TAERQNNGWL,2B_2C
ALG4_121281800,MAERQNNGWL,2B_2C
ALG4_733373020,MAERQNNGWL,2B_2C
ALG4_408842859,MAERQSNGWL,2B_2C
ALG4_61608291,MAERQNNGWL,2B_2C
ALG4_AZI71405,MAERQSNGWL,2B_2C
ALG4_34485440,MAERQNNGWL,2B_2C
ALG4_AUD08535,MAERQSNGWL,2B_2C
ALG4_442539508,MAERQMGAQV,2B_2C
ALG4_BBF97829,MAERQNNGWL,2B_2C
ALG4_AVQ93623,MAERQNNGWL,2B_2C
ALG4_157741819,MAERQNSGWL,2B_2C
ALG4_ASU43933,MAERQNNGWL,2B_2C
ALG4_746818543,AAERQNNGWL,2B_2C
ALG4_APW91136,GAERQKNGWL,2B_2C
ALG4_AVI05000,MAERQNNGWL,2B_2C
ALG4_AVM86030,MAERQNNGWL,2B_2C
ALG4_442539508,MAERQGPAFE,2B_2C
ALG4_814603517,MAERQNNGWL,2B_2C
ALG4_AVQ93625,MAERQNSGWL,2B_2C
ALG4_QHH26295,MAERQNNGWL,2B_2C
ALG4_374922461,MAERQNNGWL,2B_2C
ALG4_BAK57446,MAERQNNGWL,2B_2C
ALG4_34485438,MAERQNSGWL,2B_2C
ALG4_34485436,MAERQNNGWL,2B_2C
ALG4_AUF49632,MAERQNNNWL,2B_2C
ALG4_AXG24376,MAERQNSGWL,2B_2C
ALG4_AUF49625,MAERQNNGWL,2B_2C
ALG4_10863165,MAERQNNSWL,2B_2C
ALG4_831358631,VAERQNNNWL,2B_2C
ALG4_306026114,MAERQNNGWL,2B_2C
ALG4_AUD08524,MAERQNNSWL,2B_2C
ALG4_AVQ93627,MAERQNNSWL,2B_2C
ALG4_6650685,MAERQSNGWL,2B_2C
ALG4_61608275,MAERQNNGWL,2B_2C
ALG4_1134678845,MAERQSNGWL,2B_2C
ALG4_QOP74967,MAERQNNGWL,2B_2C
ALG4_AUF49645,MAERQNNGWL,2B_2C
ALG4_987390375,TAERQNNGWL,2B_2C
ALG4_814603529,MAERQNNGWL,2B_2C
ALG4_ARB48778,MAERQNNGWL,2B_2C
ALG4_ARB07845,MAERQSNGWL,2B_2C
ALG4_BAK57447,MAERQNNGWL,2B_2C
ALG4_BAK57449,MAERQNNGWL,2B_2C
ALG4_QIZ63253,MAERQNNGWL,2B_2C
ALG4_59046,MAERQNNNWL,2B_2C
ALG4_5533301,MAERQNNNWL,2B_2C
ALG4_34485460,MAERQNNGWL,2B_2C
ALG4_34485418,MAERQNNGWL,2B_2C
ALG4_AUF49671,MAERQSNGWL,2B_2C
ALG4_453061696,MAERQNNNWL,2B_2C
ALG4_AUD08545,MAERQGDGWL,2B_2C
ALG4_AUD08525,MAERQNNGWL,2B_2C
ALG4_AUF49659,MAERQNNGWL,2B_2C
ALG4_733373010,MAERQNNGWL,2B_2C
ALG4_62990060,MAERQNNGWL,2B_2C
ALG4_34485420,MAERQNNGWL,2B_2C
ALG4_QDD55627,MAERQNNGWL,2B_2C
ALG4_924347630,MAERQNNGWL,2B_2C
ALG4_61608306,MAERQNNGWL,2B_2C
ALG4_AUO29152,MAERQSNGWL,2B_2C
ALG4_106636123,MAERQNNGWL,2B_2C
ALG4_442539506,MAERQNNGWL,2B_2C
ALG4_1042021434,MAERQNNGWL,2B_2C
ALG4_AWX63812,MAERQNNGWL,2B_2C
ALG4_984307488,MAERQNNNWL,2B_2C
ALG4_QBM01045,MAERQNNGWL,2B_2C
ALG4_QGZ05533,MAERQNNGWL,2B_2C
ALG4_AUF49648,MAERQNNGWL,2B_2C
ALG4_AUD08523,MAERQNNGWL,2B_2C
ALG4_50399457,MAERQNNGWL,2B_2C
ALG4_AUF49624,MAERQNNGWL,2B_2C
ALG4_AUF49655,MAERQNNNWL,2B_2C
ALG4_519773571,MAERQNNGWL,2B_2C
ALG4_769800,MAERQNNRWL,2B_2C
ALG4_YP,MAERQNNSWL,2B_2C
ALG4_33317935,MAERQNNGWL,2B_2C
ALG4_AUF49623,MAERQNNGWL,2B_2C
ALG4_425891889,MAERQNNGWL,2B_2C
ALG4_BBF97828,MAERQNNGWL,2B_2C
ALG4_442539508,MAERQGEIEF,2B_2C
ALG4_AUN27642,MAERQNNGWL,2B_2C
ALG4_QQP23540,MAERQMGAQV,2B_2C
ALG4_61658401,MAERQNNGWL,2B_2C
ALG4_APZ85758,MAERQNNGWL,2B_2C
ALG4_AUF49629,MAERQNSGWL,2B_2C
ALG4_61608309,MAERQNNSWL,2B_2C
ALG4_34485432,MAERQSNGWL,2B_2C
ALG4_AXG24377,MAERQNNGWL,2B_2C
ALG4_QQP23540,MAERQGAYTG,2B_2C
ALG4_306026116,MAERQNNGWL,2B_2C
ALG4_AXN77379,MAERQNNNWL,2B_2C
ALG4_388330799,TAERQNNGWL,2B_2C
ALG4_814603523,TAERQNNGWL,2B_2C
ALG4_AXF50738,MAERQNNGWL,2B_2C
ALG4_973584802,MAERQNNGWL,2B_2C
ALG4_924347617,MAERQNNGWL,2B_2C
ALG4_1042021406,MAERQNNGWL,2B_2C
ALG4_AUF49656,MAERQNNNWL,2B_2C
ALG4_AVM86032,MAERQNSGWL,2B_2C
ALG4_ARB07836,MAERQSNGWL,2B_2C
ALG4_5669021,MAERQNNGWF,2B_2C
ALG4_QDI78387,MAERQNNGWL,2B_2C
ALG4_QQP23540,MAERQGPPVY,2B_2C
ALG4_49425037,MAERQNNGWL,2B_2C
ALG4_814603531,MAERQNNGWL,2B_2C
ALG4_AVM86033,MAERQNSGWL,2B_2C
ALG4_442539508,MAERQNNGWL,2B_2C
ALG4_323433,MAERQNNSWL,2B_2C
ALG4_1042021416,MAERQNNGWL,2B_2C
ALG4_AUF49626,MAERQNNGWL,2B_2C
ALG4_BAK57453,MAERQNNGWL,2B_2C
ALG4_AUO29156,MAERQNNSWL,2B_2C
ALG4_440385912,MAERQSNGWL,2B_2C
ALG4_924347627,VAERQSNGWL,2B_2C
ALG4_AVQ93628,MAERQNSGWL,2B_2C
ALG4_50604533,TAERQNNGWL,2B_2C
ALG4_397328568,MAERQSNGWL,2B_2C
ALG4_830698599,TAERQSNGWL,2B_2C
ALG4_442539514,MAERQNNGWL,2B_2C
ALG4_34485444,MAERQNNGWL,2B_2C
ALG4_13128903,MAERQNNSWL,2B_2C
ALG4_QHH26278,MAERQNNGWL,2B_2C
ALG4_QJQ24979,MAERQNNGWL,2B_2C
ALG4_34485430,MAERQNNGWL,2B_2C
ALG4_AUF49642,MAERQNNNWL,2B_2C
ALG4_QQP23545,MAERQNNGWL,2B_2C
ALG4_APT69848,MAERQNNGWL,2B_2C
ALG4_BBF97830,MAERQNNGWL,2B_2C
ALG4_AUF49676,MAERQNNGWL,2B_2C
ALG4_QJQ24977,MAERQNNGWL,2B_2C
ALG4_AUF49672,MAERQNNGWL,2B_2C
ALG4_479280024,MAERQNNGWL,2B_2C
ALG4_404433879,TAERQNNGWL,2B_2C
ALG4_QAT18819,MAERQNNGWL,2B_2C
ALG4_QAT18823,MAERQNNGWL,2B_2C
ALG4_QAT18821,MAERQNNGWL,2B_2C
ALG4_QJR83056,MAERQNNGWL,2B_2C
ALG4_QIZ63252,MAERQNNGWL,2B_2C
ALG4_AUF49674,MAERQNNGWL,2B_2C
ALG4_49425063,MAERQNNSWL,2B_2C
ALG4_595597885,MAERQNNGWL,2B_2C
ALG4_1042021420,MAERQNNGWL,2B_2C
ALG4_QQP23540,MAERQGEIEF,2B_2C
ALG4_984307494,MAERQNNNWL,2B_2C
ALG4_987390371,MAERQNNGWL,2B_2C
ALG4_AUD08540,MAERQSNGWL,2B_2C
ALG4_117574535,MAERQNNGWL,2B_2C
ALG4_58372546,MAERQNNGWL,2B_2C
ALG4_773290,MAERQNNGWL,2B_2C
ALG4_AXN77382,MAERQNNGWL,2B_2C
ALG4_973584800,MAERQNNNWL,2B_2C
ALG4_749526965,MAERQNNGWL,2B_2C
ALG4_303362831,LAERQNNSWL,2B_2C
ALG4_397776236,MAERQNNGWL,2B_2C
ALG4_QNS36366,MAERQSNGWF,2B_2C
ALG4_AUD08536,MAERQSNGWL,2B_2C
ALG4_AUF49657,MAERQNNNWL,2B_2C
ALG4_BAK57450,MAERQNNGWL,2B_2C
ALG4_998751931,MAERQNNGWL,2B_2C
ALG4_1151119932,MAERQNTGWL,2B_2C
ALG4_QHJ92097,MAERQNSGWL,2B_2C
ALG4_AXG50469,MAERQNNNWL,2B_2C
ALG4_AVI05002,MAERQNNNWL,2B_2C
ALG4_QDD55610,MAERQNNGWL,2B_2C
ALG4_570709917,MAERQNNGWL,2B_2C
ALG4_1126634355,MAERQSNGWL,2B_2C
ALG4_28610114,MAERQSNGWL,2B_2C
ALG4_94449175,MAERQNNGWL,2B_2C
ALG4_733373012,MAERQNNGWL,2B_2C
ALG4_AUF49637,MAERQNNGWL,2B_2C
ALG4_34485456,MAERQSNGWL,2B_2C
ALG4_54399973,MAERQNNSWL,2B_2C
ALG4_33317933,MAERQNNGWL,2B_2C
ALG4_AUD08543,MAERQSNGWL,2B_2C
ALG4_239916538,MAERQNNGWL,2B_2C
ALG4_295984376,MAERQNNGWL,2B_2C
ALG4_984307500,MAERQNNNWL,2B_2C
ALG4_AWA45295,MAERQNNGWL,2B_2C
ALG4_380082987,MAERQNNSWL,2B_2C
ALG4_APW91138,TAERQNNGWL,2B_2C
ALG4_745636815,MAERQNNGWL,2B_2C
ALG4_222630,MAERQNSGWL,2B_2C
ALG4_QIZ63256,MAERQNNGWL,2B_2C
ALG4_198041326,MAERQNNNWL,2B_2C
ALG4_1049300176,MAERQNNGWL,2B_2C
ALG4_973584798,MAERQNNNWL,2B_2C
ALG4_10863161,MAERQNNSWL,2B_2C
ALG4_1083846350,MAERQNSGWL,2B_2C
ALG4_673911920,MAERQNNGWL,2B_2C
ALG4_1042021408,MAERQNNGWL,2B_2C
ALG4_987390367,AAERQNNGWL,2B_2C
ALG4_34485434,MAERQNNGWL,2B_2C
ALG4_984307482,MAERQNNNWL,2B_2C
ALG4_AXN77381,MAERQNNGWL,2B_2C
ALG4_AUF49633,MAERQSNGWL,2B_2C
ALG4_AUD08533,MAERQNNGWL,2B_2C
ALG4_QQP23540,MAERQGPAFE,2B_2C
ALG4_808216302,MAERQNNGWL,2B_2C
ALG4_QJR83057,MAERQNNGWL,2B_2C
ALG4_61608303,MAERQSNGWL,2B_2C
ALG4_AZI15682,MAERQNNGWL,2B_2C
ALG4_QER78684,MAERQNNNWL,2B_2C
ALG4_QHH26276,TAERQMGAQV,2B_2C
ALG4_1019982869,MAERQNNGWL,2B_2C
ALG4_AUF49652,MAERQNNNWL,2B_2C
ALG4_207113489,MAERQNNGWL,2B_2C
ALG4_157004270,MAERQSNGWF,2B_2C
ALG4_323418,MAERQNSGWL,2B_2C
ALG4_SPS68043,MAERQNNGWL,2B_2C
ALG4_AUF49636,MAERQNNGWL,2B_2C
ALG4_AVM86035,RAERQNNSWL,2B_2C
ALG4_AXG50475,MAERQNNNWL,2B_2C
ALG4_BAK57451,MAERQNNEWL,2B_2C
ALG4_984307492,MAERQNNNWL,2B_2C
ALG4_ATV91618,MAERQNNGWL,2B_2C
ALG4_426272787,MAERQNNGWL,2B_2C
ALG4_17224873,MAERQNNNWL,2B_2C
ALG4_AYO51725,MAERQNSGWL,2B_2C
ALG4_442539510,TAERQNNGWL,2B_2C
ALG4_QBF68060,LAERQNNSWL,2B_2C
ALG4_397776234,MAERQNNGWL,2B_2C
ALG4_AUD08529,MAERQGDGWL,2B_2C
ALG4_397328570,MAERQNNGWL,2B_2C
ALG4_AUD08530,MAERQGDGWL,2B_2C
ALG4_34485424,MAERQNNGWL,2B_2C
ALG4_474421,MAERQSNGWL,2B_2C
ALG4_QGA30889,MAERQSNGWL,2B_2C
ALG4_121281802,MAERQNNGWL,2B_2C
ALG4_814603527,MAERQNNGWL,2B_2C
ALG4_AWX63830,EALFQGPPVY,2C_3A
ALG4_AOW41918,EALFQGPPVY,2C_3A
ALG4_AUF49648,EALFQGPPVY,2C_3A
ALG4_1042021414,EALFQGPPVY,2C_3A
ALG4_1042021432,EALFQGPPIY,2C_3A
ALG4_984307500,EALFQGPPVY,2C_3A
ALG4_AZI15684,EALFQGPPVY,2C_3A
ALG4_AUF49655,EALFQGPPVY,2C_3A
ALG4_QDD55627,EALFQGPPVY,2C_3A
ALG4_59046,EALFQGPPIY,2C_3A
ALG4_34485460,EALFQGPPIY,2C_3A
ALG4_673911922,EALFQGPPVY,2C_3A
ALG4_AUD08529,EALFQGPPIY,2C_3A
ALG4_AVM86033,EALFQGPPVY,2C_3A
ALG4_404433883,EALFQGPPVY,2C_3A
ALG4_QDI78387,EALFQGPPIY,2C_3A
ALG4_QHH26295,EALFQGPPVY,2C_3A
ALG4_QKX44773,EALFQGPPAY,2C_3A
ALG4_973584798,EALFQGPPVY,2C_3A
ALG4_AWA45295,EALFQGPPVY,2C_3A
ALG4_AUF49668,EALFQGPPVY,2C_3A
ALG4_AUF49657,EALFQGPPVY,2C_3A
ALG4_AVQ93626,EALFQGPPIY,2C_3A
ALG4_10863165,EALFQGPPVY,2C_3A
ALG4_34485430,EALFQGPPVY,2C_3A
ALG4_ARB07836,EALFQGPPVY,2C_3A
ALG4_AUD08524,EALFQGPPVY,2C_3A
ALG4_984307482,EALFQGPPVY,2C_3A
ALG4_594103444,EALFQGPPAY,2C_3A
ALG4_AUD08542,EALFQGPPIY,2C_3A
ALG4_1042021406,EALFQGPPVY,2C_3A
ALG4_QHH26279,EALFQGPPVY,2C_3A
ALG4_QHH26299,EALFQGPPVY,2C_3A
ALG4_146218329,EALFQGPPVY,2C_3A
ALG4_ARF07867,EALFQGPPVY,2C_3A
ALG4_34485456,EALFQGPPVY,2C_3A
ALG4_239916538,EALFQGPPVY,2C_3A
ALG4_AUF49653,EALFQGPPVY,2C_3A
ALG4_AUF49656,EALFQGPPVY,2C_3A
ALG4_QER78682,EALFQGPPVY,2C_3A
ALG4_BAK57449,EALFQGPPVY,2C_3A
ALG4_34485426,EALFQGPPVY,2C_3A
ALG4_QIZ63256,EALFQGPPVY,2C_3A
ALG4_924347627,EALFQGPPAY,2C_3A
ALG4_440385912,EALFQGPPVY,2C_3A
ALG4_AUO29150,EALFQGPPVY,2C_3A
ALG4_AUO29151,EALFQGPPVY,2C_3A
ALG4_584613685,EALFQGPPVY,2C_3A
ALG4_QJR83057,EALFQGPPVY,2C_3A
ALG4_404433879,EALFQGPPVY,2C_3A
ALG4_684138053,EALFQGPPVY,2C_3A
ALG4_380706267,EALFQGPPVY,2C_3A
ALG4_ARB07388,EALFQGPPAY,2C_3A
ALG4_AYD61416,EALFQGPPVY,2C_3A
ALG4_15809620,EALFQGPPIY,2C_3A
ALG4_QAT18821,EALFQGPPVY,2C_3A
ALG4_AUD08540,EALFQGPPIY,2C_3A
ALG4_AUD08539,EALFQGPPIY,2C_3A
ALG4_61608291,EALFQGPPIY,2C_3A
ALG4_AUD08537,EALFQGPPVY,2C_3A
ALG4_QDD55610,EALFQGPPVY,2C_3A
ALG4_QCO76038,EALFQGPPVY,2C_3A
ALG4_BAK57456,EALFQGPPVY,2C_3A
ALG4_1042021434,EALFQGPPIY,2C_3A
ALG4_924347608,EALFQGPPVY,2C_3A
ALG4_308445301,EALFQGPPVY,2C_3A
ALG4_295984376,EALFQGPPVY,2C_3A
ALG4_34485448,EALFQGPPVY,2C_3A
ALG4_1042021408,EALFQGPPVY,2C_3A
ALG4_519773569,EALFQGPPVY,2C_3A
ALG4_APW91137,DALFQGPPVY,2C_3A
ALG4_AWX63812,EALFQGPPVY,2C_3A
ALG4_814603517,EALFQGPPVY,2C_3A
ALG4_1042021424,EALFQGPPVY,2C_3A
ALG4_AUD08534,EALFQGPPIY,2C_3A
ALG4_323418,EALFQGPPIY,2C_3A
ALG4_440385914,EALFQGPPVY,2C_3A
ALG4_425891887,EALFQGPPIY,2C_3A
ALG4_987390373,EALFQGPPVY,2C_3A
ALG4_814603505,EALFQGPPIY,2C_3A
ALG4_AZI15686,EALFQGPPVY,2C_3A
ALG4_814603527,EALFQGPPVY,2C_3A
ALG4_733373014,EALFQGPPVY,2C_3A
ALG4_QJT73092,EALFQGPPVY,2C_3A
ALG4_QBM01045,EALFQGPPVY,2C_3A
ALG4_987390365,EALFQGPPVY,2C_3A
ALG4_QGZ05533,EALFQGPPVY,2C_3A
ALG4_117574537,EALFQGPPVY,2C_3A
ALG4_AXN77380,EALFQGPPVY,2C_3A
ALG4_814603515,EALFQGPPIY,2C_3A
ALG4_QDD55567,EALFQGPPVY,2C_3A
ALG4_QAT18822,EALFQGPPVY,2C_3A
ALG4_34485422,EALFQGPPVY,2C_3A
ALG4_808216302,EALFQGPPVY,2C_3A
ALG4_AUD08535,EALFQGPPVY,2C_3A
ALG4_AUD08544,EALFQGPPVY,2C_3A
ALG4_106636123,EALFQGPPVY,2C_3A
ALG4_AUO29149,EALFQGPPVY,2C_3A
ALG4_34485436,EALFQGPPVY,2C_3A
ALG4_QIZ12960,EALFQGPPVY,2C_3A
ALG4_ARB07845,EALFQGPPVY,2C_3A
ALG4_QIZ63255,EALFQGPPVY,2C_3A
ALG4_AZI15681,EALFQGPPVY,2C_3A
ALG4_984307484,EALFQGPPVY,2C_3A
ALG4_157004270,EALFQGPPIY,2C_3A
ALG4_QAT18823,EALFQGPPVY,2C_3A
ALG4_61608280,EALFQGPPVY,2C_3A
ALG4_61608294,EALFQGPPVY,2C_3A
ALG4_987390375,EALFQGPPVY,2C_3A
ALG4_AXG50469,EALFQGPPVY,2C_3A
ALG1_BAG70421,EALFQGPPVY,2C_3A
ALG4_54399973,EALFQGPPVY,2C_3A
ALG4_5669021,EALFQGPPIY,2C_3A
ALG4_1042021428,EALFQGPPVY,2C_3A
ALG4_121281800,EALFQGPPIY,2C_3A
ALG4_SPS68043,EALFQGPPVY,2C_3A
ALG4_BAK57455,EALFQGPPVY,2C_3A
ALG4_QNS36366,EALFQGPPIY,2C_3A
ALG4_AUF49644,EALFQGPPVY,2C_3A
ALG4_APW91136,EALFQGPHVY,2C_3A
ALG4_YP,EALFQGPPVY,2C_3A
ALG4_APZ85755,EALFQGPPVY,2C_3A
ALG4_QDO72760,EALFQGPPMY,2C_3A
ALG4_AUF49629,EALFQGAYTG,2C_3A
ALG4_AWX63810,EALFQGPPVY,2C_3A
ALG4_199599828,EALFQGPPVY,2C_3A
ALG4_306026114,EALFQGPPIY,2C_3A
ALG4_15809622,EALFQGPPVY,2C_3A
ALG4_49425063,EALFQGPPVY,2C_3A
ALG4_BAK57454,EALFQGPPVY,2C_3A
ALG4_13128903,EALFQGPPVY,2C_3A
ALG4_121281802,EALFQGPPIY,2C_3A
ALG4_61608287,EALFQGPPVY,2C_3A
ALG4_61658401,EALFQGPPVY,2C_3A
ALG4_AUF49635,EALFQGPPVY,2C_3A
ALG4_BBF97830,EALFQGPPVY,2C_3A
ALG4_AUF49674,EALFQGPPVY,2C_3A
ALG4_AUD08532,EALFQGPPVY,2C_3A
ALG4_303362831,EALFQGPPVY,2C_3A
ALG4_AUF49675,EALFQGPPVY,2C_3A
ALG4_AUD08525,EALFQGPPVY,2C_3A
ALG4_323420,EALFQGPPVY,2C_3A
ALG4_375004671,EALFQGPPVY,2C_3A
ALG4_28610116,EALFQGPPVY,2C_3A
ALG4_APW91138,EALFLGPPVY,2C_3A
ALG4_746818543,EALFHGTPVY,2C_3A
ALG4_50399457,EALFQGPPIY,2C_3A
ALG4_474421,EALFQGPPVI,2C_3A
ALG4_AXF50738,EALFQGPPVY,2C_3A
ALG4_BBF97827,EALFQGPPVY,2C_3A
ALG4_AXQ00219,EALFQGPPVY,2C_3A
ALG4_33317931,EALFQGPPVY,2C_3A
ALG4_ASU64358,EALFQGPPAY,2C_3A
ALG4_AUF49669,EALFQGPPVY,2C_3A
ALG4_QGA30889,EALFQGPPVY,2C_3A
ALG4_595597885,EALFQGPPVY,2C_3A
ALG4_QJQ24979,EALFQGPPVY,2C_3A
ALG4_34485450,EALFQGPPVY,2C_3A
ALG4_QBF51812,EALFQGPPVY,2C_3A
ALG4_397328566,EALFQGPPVY,2C_3A
ALG4_AXN77379,EALFQGPPIY,2C_3A
ALG4_AZI15683,EALFQGPPVY,2C_3A
ALG4_262283885,EALFQGPPVY,2C_3A
ALG4_308445303,EALFQGPPVY,2C_3A
ALG4_AUF49667,EALFQGPPVY,2C_3A
ALG4_684138051,EALFQGPPVY,2C_3A
ALG4_341864480,EALFQGPPVY,2C_3A
ALG4_QQP23545,EALFQGPPVY,2C_3A
ALG4_1134678845,EALFQGPPVY,2C_3A
ALG4_AUN27642,EALFQGPPVY,2C_3A
ALG4_987390367,EALFQGPPMY,2C_3A
ALG4_AUF49665,EALFQGPPVY,2C_3A
ALG4_QAT18818,EALFQGPPVY,2C_3A
ALG4_BAK57452,EALFQGPPVY,2C_3A
ALG4_34485434,EALFQGPPVY,2C_3A
ALG4_440385916,EALFQGPPVY,2C_3A
ALG4_AUF49647,EALFQGPPVY,2C_3A
ALG4_594103483,EALFQGPPVY,2C_3A
ALG4_453061696,EALFQGPPVY,2C_3A
ALG4_511636106,EALFQGPPVY,2C_3A
ALG4_306026116,EALFQGPPIY,2C_3A
ALG4_745636815,EALFQGPPVY,2C_3A
ALG4_AUF49624,EALFQGPPMY,2C_3A
ALG4_AVI05001,EALFQGPPVY,2C_3A
ALG4_ASZ69778,EALFQGPPVY,2C_3A
ALG4_1083846350,EALFQGPPVY,2C_3A
ALG4_QHH26278,EALFQGPPVY,2C_3A
ALG4_764120825,EALFQGPPVY,2C_3A
ALG4_ASU43933,EALFQGPPVY,2C_3A
ALG4_33317933,EALFQGPPVY,2C_3A
ALG4_61608275,EALFQGPPVY,2C_3A
ALG4_AUF49634,EALFQGPPVY,2C_3A
ALG4_4378012,EALFQGPPLY,2C_3A
ALG4_APZ85756,EALFQGPPVY,2C_3A
ALG4_94449175,EALFQGPPVY,2C_3A
ALG4_QJQ24978,EALFQGPPVY,2C_3A
ALG4_QJR83060,EALFQGPPVY,2C_3A
ALG4_10863163,EALFQGPPVY,2C_3A
ALG4_157741819,EALFQGPPAY,2C_3A
ALG4_BAK57448,EALFQGPPVY,2C_3A
ALG4_198041330,EALFQGPPVY,2C_3A
ALG4_34485418,EALFQGPPVY,2C_3A
ALG4_590122443,EALFQGPPVY,2C_3A
ALG4_AUD08526,EALFQGPPVY,2C_3A
ALG4_34485452,EALFQGPPVY,2C_3A
ALG4_AUF49643,EALFQGPPVY,2C_3A
ALG4_33111999,EALFQGPPVY,2C_3A
ALG4_ATV91596,EALFQGPPVY,2C_3A
ALG4_QAT18819,EALFQGPPVY,2C_3A
ALG4_QDI78386,EALFQGPPVF,2C_3A
ALG4_QJR83056,EALFQGPPVY,2C_3A
ALG4_QDD55635,EALFQGPPVY,2C_3A
ALG4_380082987,EALFQGPPVY,2C_3A
ALG4_733373020,EALFQGPPVY,2C_3A
ALG4_QHH26281,EALFQGPPVY,2C_3A
ALG4_AVM86031,EALFQGPPVY,2C_3A
ALG4_1126634355,EALFQGPPVY,2C_3A
ALG4_1042021430,EALFQGPPVY,2C_3A
ALG4_AXY54924,EALFQGPPVY,2C_3A
ALG4_61608297,EALFQGPPVY,2C_3A
ALG4_AYO51725,EALFQGPPVY,2C_3A
ALG4_924347630,EALFQGPPVY,2C_3A
ALG4_1042021420,EALFQGPPVY,2C_3A
ALG4_AUF49652,EALFQGPPVY,2C_3A
ALG4_198041324,EALFQGPPVY,2C_3A
ALG4_2051999,EALFQGPPVI,2C_3A
ALG4_34485454,EALFQGPPVY,2C_3A
ALG4_BBF97829,EALFQGPPVY,2C_3A
ALG4_973584796,EALFQGPPVY,2C_3A
ALG4_5533301,EALFQGPPVY,2C_3A
ALG4_AXG50472,EALFQGPPAY,2C_3A
ALG4_AUF49636,EALFQGPPVY,2C_3A
ALG4_831358631,EALFQGPPVY,2C_3A
ALG4_54399971,EALFQGPPVY,2C_3A
ALG4_APZ85758,EALFQGPPVY,2C_3A
ALG4_QGA30890,EALFQGPPVY,2C_3A
ALG4_207113489,EALFQGPPMY,2C_3A
ALG4_290109431,EALFQGPPMY,2C_3A
ALG4_QIZ63251,EALFQGPPVY,2C_3A
ALG4_QIZ63252,EALFQGPPVY,2C_3A
ALG4_62990060,EALFQGPPVY,2C_3A
ALG4_727358079,EALFQGPPVY,2C_3A
ALG4_AUF49676,EALFQGPPVY,2C_3A
ALG4_323433,EALFQGPPVY,2C_3A
ALG4_397328564,EALFQGPPVY,2C_3A
ALG4_QJR83058,EALFQGPPVY,2C_3A
ALG4_442539510,EALFQGPPVY,2C_3A
ALG4_1019982869,EALFQGPPVY,2C_3A
ALG4_AXN77381,EALFQGPPVY,2C_3A
ALG4_AUF49659,EALFQGPPVY,2C_3A
ALG4_440385910,EALFQGPPVY,2C_3A
ALG4_AUF49670,EALFQGPPVY,2C_3A
ALG4_398330012,EALFQGPPVY,2C_3A
ALG4_33317935,EALFQGPPVY,2C_3A
ALG4_AUF49642,EALFQGPPVY,2C_3A
ALG4_61608306,EALFQGPPVY,2C_3A
ALG4_34485428,EALFQGPPVY,2C_3A
ALG4_AZT88545,EALFQGPPVY,2C_3A
ALG4_984307502,EALFQGPPVY,2C_3A
ALG4_335352401,EALFQGPPVY,2C_3A
ALG4_374922461,EALFQGPPVY,2C_3A
ALG4_365940252,EALFQGPPVY,2C_3A
ALG4_1079491410,EALFQGPPIY,2C_3A
ALG4_AZI71405,EALFQGPPVF,2C_3A
ALG4_6465921,EALFQGPPVY,2C_3A
ALG4_984307492,EALFQGPPVY,2C_3A
ALG4_375004673,EALFQGPPVY,2C_3A
ALG4_AUF49629,EALFQMGAQV,2C_3A
ALG4_AUO29156,EALFQGPPVY,2C_3A
ALG4_404433881,EALFQGPPVY,2C_3A
ALG4_1063278,EALFQGPPVY,2C_3A
ALG4_AUF49630,EALFQGPPVY,2C_3A
ALG4_117574535,EALFQGPPVY,2C_3A
ALG4_ATG80398,EALFQGPPMY,2C_3A
ALG4_AUF49631,EALFQGPPVY,2C_3A
ALG4_ASU64357,EALFQGPPAY,2C_3A
ALG4_34485440,EALFQGPPVY,2C_3A
ALG4_1096124002,EALFQGPPVY,2C_3A
ALG4_AUD08533,EALFQGPPVY,2C_3A
ALG4_34485458,EALFQGPPVY,2C_3A
ALG4_1042021416,EALFQGPPVY,2C_3A
ALG4_924347606,EALFQGPPVY,2C_3A
ALG4_984307488,EALFQGPPVY,2C_3A
ALG4_34485444,EALFQGPPVY,2C_3A
ALG4_AUO29152,EALFQGPPVY,2C_3A
ALG4_BAK57453,EALFQGPPVY,2C_3A
ALG4_AVM86035,EALFQGPPVY,2C_3A
ALG4_AUF49628,EALFQGPPVY,2C_3A
ALG4_1042021422,EALFQGPPVY,2C_3A
ALG4_QER78683,EALFQGPPVY,2C_3A
ALG4_397776236,EALFQGPPIY,2C_3A
ALG4_QHH26298,EALFQGPPVY,2C_3A
ALG4_34485420,EALFQGPPVY,2C_3A
ALG4_BAK57451,EALFQGPPVY,2C_3A
ALG4_587655618,EALFQGPPVY,2C_3A
ALG4_34485442,EALFQGPPVY,2C_3A
ALG4_388330799,EALFQGPPVY,2C_3A
ALG4_984307496,EALFQGPPVY,2C_3A
ALG4_AVM86032,EALFQGPPVY,2C_3A
ALG4_AUD08541,EALFQGPPVY,2C_3A
ALG4_58372546,EALFQGPPVY,2C_3A
ALG4_AVQ93623,EALFQGPPIY,2C_3A
ALG4_QGL06947,EALFQGPPVY,2C_3A
ALG4_APT69848,EALFQGPPVY,2C_3A
ALG4_426272787,EALFQGPPVY,2C_3A
ALG4_AUF49663,EALFQGPPVY,2C_3A
ALG4_4104747,EALFQGPPVY,2C_3A
ALG4_AZI15685,EALFQGPPVY,2C_3A
ALG4_QER78684,EALFQGPPLY,2C_3A
ALG4_814603531,EALFQGPPVY,2C_3A
ALG4_17224873,EALFQGPPVY,2C_3A
ALG4_61608303,EALFQGPPVY,2C_3A
ALG4_814603525,EALFQGPPVY,2C_3A
ALG4_QKZ25342,EALFQGPPVY,2C_3A
ALG4_AWX63811,EALFQGPPVY,2C_3A
ALG4_34485438,EALFQGPPVY,2C_3A
ALG4_1049300176,EALFQGPPLY,2C_3A
ALG4_QIZ63253,EALFQGPPVY,2C_3A
ALG4_924347623,EALFQGPPVY,2C_3A
ALG4_AVM86030,EALFQGPPVY,2C_3A
ALG4_924351104,EALFQGPPVY,2C_3A
ALG4_ATV91618,EALFQGPPVY,2C_3A
ALG4_AUD08543,EALFQGPPIY,2C_3A
ALG4_404364650,EALFQGPPIY,2C_3A
ALG4_948563366,EALFQGPPVY,2C_3A
ALG4_BAK57446,EALFQGPPVY,2C_3A
ALG4_28610114,EALFQGPPVY,2C_3A
ALG4_1373228,EALFQGPPVY,2C_3A
ALG4_QBF68060,EALFQGPPVY,2C_3A
ALG4_AUD08531,EALFQGPPMY,2C_3A
ALG4_AXN77382,EALFQGPPVY,2C_3A
ALG4_ARR74572,EALFQGPPVY,2C_3A
ALG4_AUF49629,EALFQGEIEF,2C_3A
ALG4_61608309,EALFQGPPVY,2C_3A
ALG4_1042021412,EALFQGPPVY,2C_3A
ALG4_830698599,EALFQGPPVY,2C_3A
ALG4_AVI04999,EALFQGPPVY,2C_3A
ALG4_1042021418,EALFQGPPVY,2C_3A
ALG4_QDO72761,EALFQGPPVY,2C_3A
ALG4_50399449,EALFQGPPIY,2C_3A
ALG4_QMU23623,EALFQGPPAY,2C_3A
ALG4_AUF49623,EALFQGPPVY,2C_3A
ALG4_AWN09260,EALFQGPPVY,2C_3A
ALG4_AXQ00218,EALFQGPPVY,2C_3A
ALG4_AUF49651,EALFQGPPVY,2C_3A
ALG4_AUD08545,EALFQGPPIY,2C_3A
ALG4_667755399,EALFQGPPVY,2C_3A
ALG4_984307494,EALFQGPPVY,2C_3A
ALG4_AUF49632,EALFQGPPVY,2C_3A
ALG4_335352399,EALFQGPPVY,2C_3A
ALG4_QBM01044,EALFQGPPVY,2C_3A
ALG4_10863161,EALFQGPPVY,2C_3A
ALG4_1151119932,EALFQGPPVY,2C_3A
ALG4_924347620,EALFQGPPVY,2C_3A
ALG4_61032,EALFQGPPVY,2C_3A
ALG4_AUD08546,EALFQGPPIY,2C_3A
ALG4_410816911,EALFQGPPVY,2C_3A
ALG4_AUF49629,EALFQGPAFE,2C_3A
ALG4_AUF49664,EALFQGPPVY,2C_3A
ALG4_6650685,EALFQGPPVY,2C_3A
ALG4_BBF97828,EALFQGPPVY,2C_3A
ALG4_AVI05000,EALFQGPPVY,2C_3A
ALG4_21886601,EALFQGPPVY,2C_3A
ALG4_QJA28495,EALFQGPPVY,2C_3A
ALG4_AUF49645,EALFQGPPVY,2C_3A
ALG4_QJR83059,EALFQGPPVY,2C_3A
ALG4_BAK57450,EALFQGPPVY,2C_3A
ALG4_397328568,EALFQGPPVY,2C_3A
ALG4_61608312,FAGFQGAYTG,3A_3B
ALG4_21886601,FAGFQGAYTG,3A_3B
ALG4_814603527,FAGFQGAYTG,3A_3B
ALG4_QHJ92097,FAGFQGAYSG,3A_3B
ALG4_AWX63812,FAGFQGAYTG,3A_3B
ALG4_AWX63830,FAGFQGAYTG,3A_3B
ALG4_YP,FAGFQGAYTG,3A_3B
ALG4_157741819,FAGFQGAYTG,3A_3B
ALG4_146218329,FAGFQGAYTG,3A_3B
ALG4_AUF49633,FAGFQGAYTG,3A_3B
ALG4_61608287,FAGFQGAYTG,3A_3B
ALG4_AUD08542,FAGFQGAYTG,3A_3B
ALG4_AUF49671,FAGFQGAYTG,3A_3B
ALG4_AWX63810,FAGFQGAYTG,3A_3B
ALG4_BAK57452,FAGFQGAYTG,3A_3B
ALG4_924347623,FAGFQGAYSG,3A_3B
ALG4_61608303,FAGFQGAYTG,3A_3B
ALG4_15809622,FAGFQGAYTG,3A_3B
ALG4_948563366,FAGFQGAYTG,3A_3B
ALG4_733373010,FAGFQGAYTG,3A_3B
ALG4_AUD08531,FAGFQGAYTG,3A_3B
ALG4_984307486,FAGFQGAYTG,3A_3B
ALG4_814603525,FAGFQGAYTG,3A_3B
ALG4_QQP23545,FAGFQGAYTG,3A_3B
ALG4_APZ85755,FAGFQGAYTG,3A_3B
ALG4_APZ85758,FAGFQGAYTG,3A_3B
ALG4_QDD55567,FAGFQGAYTG,3A_3B
ALG4_440385910,FAGFQGAYTG,3A_3B
ALG4_1049300176,FAGFQGAYTG,3A_3B
ALG4_590122443,FAGFQGAYSG,3A_3B
ALG4_AXQ00219,FAGFQGAYTG,3A_3B
ALG4_SPS68043,FAGFQGAYTG,3A_3B
ALG4_5533301,FAGFQGAYSG,3A_3B
ALG4_BAK57453,FAGFQGAYTG,3A_3B
ALG4_QGZ05533,FAGFQGAYTG,3A_3B
ALG4_AUF49643,FAGFQGAYTG,3A_3B
ALG4_AUF49623,FAGFQGAYTG,3A_3B
ALG4_924347627,FAGFQGAYTG,3A_3B
ALG4_AXG50469,FAGFQGAYTG,3A_3B
ALG4_BBF97827,FAGFQGAYTG,3A_3B
ALG4_973584798,FAGFQGAYTG,3A_3B
ALG4_117574537,FAGFQGAYTG,3A_3B
ALG4_49425063,FAGFQGAYTG,3A_3B
ALG4_AVM86030,FAGFQGAYTG,3A_3B
ALG4_APZ85757,FAGFQGAYTG,3A_3B
ALG4_375004673,FAGFQGAYTG,3A_3B
ALG4_QHH26281,FAGFQGAYTG,3A_3B
ALG4_BAK57447,FAGFQGAYTG,3A_3B
ALG4_QAT18820,FAGFQGAYTG,3A_3B
ALG4_984307492,FAGFQGAYTG,3A_3B
ALG4_442539514,FAGFQGAYTG,3A_3B
ALG4_1042021432,FAGFQGAYTG,3A_3B
ALG4_QIZ63251,FAGFQGAYTG,3A_3B
ALG4_984307494,FAGFQGAYTG,3A_3B
ALG4_AUD08533,FAGFQGAYTG,3A_3B
ALG4_814603529,FAGFQGAYTG,3A_3B
ALG4_323422,FAGFQGAYTG,3A_3B
ALG4_BBF97828,FAGFQGAYTG,3A_3B
ALG4_QIZ63256,FAGFQGAYTG,3A_3B
ALG4_510834,FAGFQGAYTG,3A_3B
ALG4_AUF49656,FAGFQGAYTG,3A_3B
ALG4_594103444,FAGFQGAYTG,3A_3B
ALG4_34485422,FAGFQGAYTG,3A_3B
ALG4_QDI78386,FAGFQGAYTG,3A_3B
ALG4_AUD08532,FAGFQGAYTG,3A_3B
ALG4_15809620,FAGFQGAYTG,3A_3B
ALG4_AUD08528,FAGFQGAYTG,3A_3B
ALG4_987390365,FAGFQGAYTG,3A_3B
ALG4_AUF49659,FAGFQGAYTG,3A_3B
ALG4_BAK57449,FAGFQGAYTG,3A_3B
ALG4_AZI71405,FAGFQGAYTG,3A_3B
ALG4_AXG50468,FAGFQGAYTG,3A_3B
ALG4_AUF49630,FAGFQGAYTG,3A_3B
ALG4_425891887,FAGFQGAYTG,3A_3B
ALG4_404364650,FAGFQGAYTG,3A_3B
ALG4_AUF49624,FAGFQGAYTG,3A_3B
ALG4_QAT18821,FAGFQGAYTG,3A_3B
ALG4_34485420,FAGFQGAYTG,3A_3B
ALG4_AXN77381,FAGFQGAYTG,3A_3B
ALG4_AUF49652,FAGFQGAYTG,3A_3B
ALG4_ARB48778,FAGFQGAYTG,3A_3B
ALG4_AUD08538,FAGFQGAYTG,3A_3B
ALG4_973584796,FAGFQGAYTG,3A_3B
ALG4_AVM86033,FAGFQGAYTG,3A_3B
ALG4_78499755,FAGFQGAYSG,3A_3B
ALG4_AUF49639,FAGFQGAYTG,3A_3B
ALG4_397328564,FAGFQGAYTG,3A_3B
ALG4_58372546,FAGFQGAYTG,3A_3B
ALG4_QER78683,FAGFQGAYTG,3A_3B
ALG4_AUF49636,FAGFQGAYTG,3A_3B
ALG4_AUD08526,FAGFQGAYTG,3A_3B
ALG4_AUD08546,FAGFQGAYTG,3A_3B
ALG4_AXQ00218,FAGFQGAYTG,3A_3B
ALG4_684138051,FAGFQGAYTG,3A_3B
ALG4_335352401,FAGFQGAYTG,3A_3B
ALG4_998751931,FAGFQGAYTG,3A_3B
ALG4_AVI05001,FAGFQGAYTG,3A_3B
ALG4_1126634355,FAGFQGAYTG,3A_3B
ALG4_QAT18819,FAGFQGAYTG,3A_3B
ALG4_AWX63811,FAGFQGAYTG,3A_3B
ALG4_4104747,FAGFQGAYTG,3A_3B
ALG4_594103483,FAGFQGAYTG,3A_3B
ALG4_AUF49654,FAGFQGAYTG,3A_3B
ALG4_AXG24377,FAGFQGAYTG,3A_3B
ALG4_59046,FAGFQGAYTG,3A_3B
ALG4_AUO29152,FAGFQGAYTG,3A_3B
ALG4_34485438,FAGFQGAYTG,3A_3B
ALG4_10863163,FAGFQGAYTG,3A_3B
ALG4_AUF49669,FAGFQGAYTG,3A_3B
ALG4_34485444,FAGFQGAYTG,3A_3B
ALG4_QBF51812,FAGFQGAYTG,3A_3B
ALG4_1373228,FAGFQGAYTG,3A_3B
ALG4_QCO76038,FAGFQGAYTG,3A_3B
ALG4_94449175,FAGFQGAYTG,3A_3B
ALG4_408842859,FAGFQGAYTG,3A_3B
ALG4_6465921,FAGFQGAYTG,3A_3B
ALG4_APT69848,FAGFQGAYTG,3A_3B
ALG4_814603517,FAGFQGAYTG,3A_3B
ALG4_QHH26298,FAGFQGAYTG,3A_3B
ALG4_1063278,FAGFQGAYTG,3A_3B
ALG4_ATV91596,FAGFQGAYTG,3A_3B
ALG4_587655618,FAGFQGAYTG,3A_3B
ALG4_AUN27642,FAGFQGAYTG,3A_3B
ALG4_AUF49675,FAGFQGAYSG,3A_3B
ALG4_AUF49668,FAGFQGAYTG,3A_3B
ALG4_207113489,FAGFQGAYTG,3A_3B
ALG4_924347617,FAGFQGAYTG,3A_3B
ALG4_50399447,FAGFQGAYTG,3A_3B
ALG4_106636123,FAGFQGAYTG,3A_3B
ALG4_479280024,FAGFQGAYTG,3A_3B
ALG4_61608306,FAGFQGAYTG,3A_3B
ALG4_405779214,FAGFQGAYTG,3A_3B
ALG4_5669021,FAGFQGAYTG,3A_3B
ALG4_QDO72761,FAGFQGAYTG,3A_3B
ALG4_814603531,FAGFQGAYTG,3A_3B
ALG4_511636106,FAGFQGAYTG,3A_3B
ALG4_QHH26299,FAGFQGAYTG,3A_3B
ALG4_AUO29151,FAGFQGAYTG,3A_3B
ALG4_34485432,FAGFQGAYTG,3A_3B
ALG4_375004671,FAGFQGAYTG,3A_3B
ALG4_13128903,FAGFQGAYTG,3A_3B
ALG4_QHH26295,FAGFQGAYTG,3A_3B
ALG4_54399973,FAGFQGAYTG,3A_3B
ALG4_AVM86032,FAGFQGAYTG,3A_3B
ALG4_199599828,FAGFQGAYTG,3A_3B
ALG4_984307496,FAGFQGAYTG,3A_3B
ALG4_AUF49647,FAGFQGAYTG,3A_3B
ALG4_AUD08524,FAGFQGAYTG,3A_3B
ALG4_APZ85756,FAGFQGAYTG,3A_3B
ALG4_10863165,FAGFQGAYTG,3A_3B
ALG4_667755399,FAGFQGAYTG,3A_3B
ALG4_QBM01045,FAGFQGAYTG,3A_3B
ALG4_AZI15686,FAGFQGAYTG,3A_3B
ALG4_AUD08534,FAGFQGAYTG,3A_3B
ALG4_BAK57446,FAGFQGAYTG,3A_3B
ALG4_AUD08536,FAGFQGAYTG,3A_3B
ALG4_973584802,FAGFQGAYTG,3A_3B
ALG4_442539512,FAGFQGAYTG,3A_3B
ALG4_984307498,FAGFQGAYTG,3A_3B
ALG4_AUD08543,FAGFQGAYTG,3A_3B
ALG4_AUF49632,FAGFQGAYTG,3A_3B
ALG4_34485434,FAGFQGAYTG,3A_3B
ALG4_33317931,FAGFQGAYTG,3A_3B
ALG4_6650683,FAGFQGAYTG,3A_3B
ALG4_61032,FAGFQGAYTG,3A_3B
ALG4_121281802,FAGFQGAYTG,3A_3B
ALG4_1151119932,FAGFQGAYTG,3A_3B
ALG4_QIZ12960,FAGFQGAYTG,3A_3B
ALG4_335352399,FAGFQGAYTG,3A_3B
ALG4_AVI04999,FAGFQGAYTG,3A_3B
ALG4_BAK57448,FAGFQGAYTG,3A_3B
ALG4_QIZ63254,FAGFQGAYTG,3A_3B
ALG4_AZI15685,FAGFQGAYTG,3A_3B
ALG4_17224873,FAGFQGAYSG,3A_3B
ALG4_AOW41918,FAGFQGAYTG,3A_3B
ALG4_BBF97829,FAGFQGAYTG,3A_3B
ALG4_61608291,FAGFQGAYTG,3A_3B
ALG4_AUO29150,FAGFQGAYTG,3A_3B
ALG4_AUO29157,FAGFQGAYTG,3A_3B
ALG4_34485460,FAGFQGAYTG,3A_3B
ALG4_1079491410,FAGFQGAYTG,3A_3B
ALG4_34485436,FAGFQGAYTG,3A_3B
ALG4_1134678845,FAGFQGAYTG,3A_3B
ALG4_924347630,FAGFQGAYTG,3A_3B
ALG4_788303261,FAGFQGAYTG,3A_3B
ALG4_425891889,FAGFQGAYTG,3A_3B
ALG4_34485440,FAGFQGAYTG,3A_3B
ALG4_295984376,FAGFQGAYTG,3A_3B
ALG4_QHH26278,FAGFQGAYTG,3A_3B
ALG4_AUD08525,FAGFQGAYTG,3A_3B
ALG4_AXY54924,FAGFQGAYTG,3A_3B
ALG4_764120825,FAGFQGAYTG,3A_3B
ALG4_474421,FAGFQGAYTG,3A_3B
ALG4_34485450,FAGFQGAYTG,3A_3B
ALG4_AUO29149,FAGFQGAYTG,3A_3B
ALG4_50399457,FAGFQGAYTG,3A_3B
ALG4_APW91090,FAGFPGAHAG,3A_3B
ALG4_AUF49676,FAGFQGAYTG,3A_3B
ALG4_QJQ24977,FAGFQGAYTG,3A_3B
ALG4_4378012,FAGFQGAYTG,3A_3B
ALG4_924347606,FAGFQGAYTG,3A_3B
ALG4_ATG80398,FAGFQGAYTG,3A_3B
ALG4_440385916,FAGFQGAYTG,3A_3B
ALG4_QJQ24978,FAGFQGAYTG,3A_3B
ALG4_AVI05000,FAGFQGAYTG,3A_3B
ALG4_595597885,FAGFQGAYTG,3A_3B
ALG4_34485458,FAGFQGAYTG,3A_3B
ALG4_QDO72760,FAGFQGAYTG,3A_3B
ALG4_QAT18818,FAGFQGAYTG,3A_3B
ALG4_34485454,FAGFQGAYTG,3A_3B
ALG4_ARO77489,FAGFQGAYTG,3A_3B
ALG4_323433,FAGFQGAYTG,3A_3B
ALG4_AUD08535,FAGFQGAYTG,3A_3B
ALG4_34485424,FAGFQGAYTG,3A_3B
ALG4_QHX99541,FAGFQGAYTG,3A_3B
ALG4_6650685,FAGFQGAYTG,3A_3B
ALG4_AXG24376,FAGFQGAYTG,3A_3B
ALG4_34485448,FAGFQGAYTG,3A_3B
ALG4_ASU43933,FAGFQGAYTG,3A_3B
ALG4_QGL06947,FAGFQGAYAG,3A_3B
ALG4_BBF97830,FAGFQGAYTG,3A_3B
ALG4_AUD08537,FAGFQGAYTG,3A_3B
ALG4_62990060,FAGFQGAYTG,3A_3B
ALG4_733373020,FAGFQGAYAG,3A_3B
ALG4_AUF49645,FAGFQGAYTG,3A_3B
ALG4_AUD08544,FAGFQGAYTG,3A_3B
ALG4_157004270,FAGFQGAYTG,3A_3B
ALG4_365940252,FAGFQGAYTG,3A_3B
ALG4_808216302,FAGFQGAYTG,3A_3B
ALG4_984307500,FAGFQGAYTG,3A_3B
ALG4_QNS36366,FAGFQGAYTG,3A_3B
ALG4_AUF49653,FAGFQGAYTG,3A_3B
ALG4_33317935,FAGFQGAYTG,3A_3B
ALG4_AVM86034,FAGFQGAYTG,3A_3B
ALG4_34485442,FAGFQGAYTG,3A_3B
ALG4_442539506,FAGFQGAYTG,3A_3B
ALG4_AVM86035,FAGFQGAYTG,3A_3B
ALG4_1042021434,FAGFQGAYTG,3A_3B
ALG4_AUD08547,FAGFQGAYTG,3A_3B
ALG4_AUD08545,FAGFQGAYTG,3A_3B
ALG4_2051999,FAGFQGAYTG,3A_3B
ALG4_404553511,FAGFQGAYTG,3A_3B
ALG4_50604533,FAGFQGAYTG,3A_3B
ALG4_QIZ63253,FAGFQGAYTG,3A_3B
ALG4_397328566,FAGFQGAYTG,3A_3B
ALG4_AUF49634,FAGFQGAYTG,3A_3B
ALG4_AUF49667,FAGFQGAYTG,3A_3B
ALG4_536669961,FAGFQGAYTG,3A_3B
ALG4_584613685,FAGFQGAYTG,3A_3B
ALG4_AUF49655,FAGFQGAYTG,3A_3B
ALG4_QBF68060,FAGFQGAYTG,3A_3B
ALG4_AUD08523,FAGFQGAYTG,3A_3B
ALG4_397328568,FAGFQGAYTG,3A_3B
ALG4_440385912,FAGFQGAYTG,3A_3B
ALG4_QDI78387,FAGFQGAYTG,3A_3B
ALG4_619498817,FAGFQGAYTG,3A_3B
ALG4_AXF50738,FAGFQGAYTG,3A_3B
ALG4_AUF49663,FAGFQGAYTG,3A_3B
ALG4_AUD08540,FAGFQGAYTG,3A_3B
ALG4_AUF49657,FAGFQGAYTG,3A_3B
ALG4_8896133,LAGFQGAYTG,3A_3B
ALG4_AXG50472,FAGFQGAYTG,3A_3B
ALG4_AVI05002,FAGFQGAYSG,3A_3B
ALG4_987390371,FAGFQGAYTG,3A_3B
ALG4_AUD08530,FAGFQGAYTG,3A_3B
ALG4_QER78682,FAGFQGAYTG,3A_3B
ALG4_380706267,FAGFQGAYTG,3A_3B
ALG4_34485446,FAGFQGAYTG,3A_3B
ALG4_323420,FAGFQGAYTG,3A_3B
ALG4_ASZ69778,FAGFQGAYTG,3A_3B
ALG4_AUD08541,FAGFQGAYTG,3A_3B
ALG4_733373012,FAGFQGAYTG,3A_3B
ALG4_AUO29155,FAGFQGAYTG,3A_3B
ALG4_984307484,FAGFQGAYTG,3A_3B
ALG4_34485452,FAGFQGAYTG,3A_3B
ALG4_673911920,FAGFQGAYTG,3A_3B
ALG4_QJQ24979,FAGFQGAYTG,3A_3B
ALG4_AUD08529,FAGFQGAYTG,3A_3B
ALG4_380082987,FAGFQGAYTG,3A_3B
ALG4_BAK57455,FAGFQGAYTG,3A_3B
ALG4_AZT88545,FAGFQGAYTG,3A_3B
ALG4_303362831,FAGFQGAYTG,3A_3B
ALG4_AUF49670,FAGFQGAYTG,3A_3B
ALG4_745636815,FAGFQGAYSG,3A_3B
ALG4_323418,FAGFQGAYTG,3A_3B
ALG4_1096124002,FAGFQGAYTG,3A_3B
ALG4_673911922,FAGFQGAYTG,3A_3B
ALG4_APW91136,FAGFQGAYTG,3A_3B
ALG4_AYO51725,FAGFQGAYTG,3A_3B
ALG4_QAT18823,FAGFQGAYTG,3A_3B
ALG4_397328570,FAGFQGAYTG,3A_3B
ALG4_34485428,FAGFQGAYTG,3A_3B
ALG4_17224875,FAGFQGAYTG,3A_3B
ALG4_61608300,FAGFQGAYTG,3A_3B
ALG4_AXG50475,FAGFQGAYTG,3A_3B
ALG4_814603505,FAGFQGAYTG,3A_3B
ALG4_AWA45295,FAGFQGAYTG,3A_3B
ALG4_262283885,FAGFQGAYTG,3A_3B
ALG4_121281800,FAGFQGAYTG,3A_3B
ALG4_QAT18822,FAGFQGAYTG,3A_3B
ALG4_984307488,FAGFQGAYTG,3A_3B
ALG4_ATV91618,FAGFQGAYTG,3A_3B
ALG4_10863161,FAGFQGAYTG,3A_3B
ALG4_1019982869,FAGFQGAYTG,3A_3B
ALG4_AUD08539,FAGFQGAYTG,3A_3B
ALG4_117574535,FAGFQGAYTG,3A_3B
ALG4_426272787,FAGFQGAYTG,3A_3B
ALG4_814603515,FAGFQGAYTG,3A_3B
ALG4_54399971,FAGFQGAYTG,3A_3B
ALG4_61658401,FAGFQGAYSG,3A_3B
ALG4_QDD55635,FAGFQGAYTG,3A_3B
ALG4_BAK57450,FAGFQGAYTG,3A_3B
ALG4_QJR83057,FAGFQGAYTG,3A_3B
ALG4_749526965,FAGFQGAYTG,3A_3B
ALG4_AUF49651,FAGFQGAYTG,3A_3B
ALG4_50399449,FAGFQGAYTG,3A_3B
ALG4_830698599,FAGFQGAYTG,3A_3B
ALG4_585421084,FAGFQGAYTG,3A_3B
ALG4_829487932,FAGFQGAYTG,3A_3B
ALG4_61608297,FAGFQGAYTG,3A_3B
ALG4_34485430,FAGFQGAYTG,3A_3B
ALG4_QJR83058,FAGFQGAYTG,3A_3B
ALG4_222630,FAGFQGAYTG,3A_3B
ALG4_984307502,FAGFQGAYTG,3A_3B
ALG4_ARB07388,FAGFQGAYTG,3A_3B
ALG4_QIZ63252,FAGFQGAYTG,3A_3B
ALG4_831358631,FAGFQGAYTG,3A_3B
ALG4_BAK57454,FAGFQGAYTG,3A_3B
ALG4_AUD08527,FAGFQGAYTG,3A_3B
ALG4_AUF49665,FAGFQGAYTG,3A_3B
ALG4_AUF49628,FAGFQGAYTG,3A_3B
ALG4_37993798,FAGFQGAYTG,3A_3B
ALG4_440385914,FAGFQGAYTG,3A_3B
ALG4_QJR83060,FAGFQGAYTG,3A_3B
ALG4_528323956,FAGFQGAYTG,3A_3B
ALG4_QJT73092,FAGFQGAYTG,3A_3B
ALG4_QDD55610,FAGFQGAYTG,3A_3B
ALG4_QKZ25342,FAGFQGAYTG,3A_3B
ALG4_AUF49644,FAGFQGAYTG,3A_3B
ALG4_BAK57451,FAGFQGAYTG,3A_3B
ALG4_570709917,FAGFQGAYTG,3A_3B
ALG4_984307482,FAGFQGAYTG,3A_3B
ALG4_AUF49626,FAGFQGAYTG,3A_3B
ALG4_34485418,FAGFQGAYTG,3A_3B
ALG4_AUF49642,FAGFQGAYTG,3A_3B
ALG4_QIZ63255,FAGFQGAYTG,3A_3B
ALG4_AUF49625,FAGFQGAYTG,3A_3B
ALG4_61608283,FAGFQGAYTG,3A_3B
ALG4_341864480,FAGFQGAYTG,3A_3B
ALG4_QJA28495,FAGFQGAYTG,3A_3B
ALG4_308445301,FAGFQGAYTG,3A_3B
ALG4_BAK57456,FAGFQGAYTG,3A_3B
ALG4_AWN09260,FAGFQGAYTG,3A_3B
ALG4_397776236,FAGFQGAYTG,3A_3B
ALG4_209981446,FAGFQGAYTG,3A_3B
ALG4_733373014,FAGFQGAYTG,3A_3B
ALG4_34485426,FAGFQGAYTG,3A_3B
ALG4_QJR83056,FAGFQGAYTG,3A_3B
ALG4_AVM86031,FAGFQGAYTG,3A_3B
ALG4_QER78684,FAGFQGAYTG,3A_3B
ALG4_239916538,FAGFQGAYTG,3A_3B
ALG4_984307490,FAGFQGAYTG,3A_3B
ALG4_AXN77382,FAGFQGAYTG,3A_3B
ALG4_374922461,FAGFQGAYTG,3A_3B
ALG4_619854493,FAGFQGAYTG,3A_3B
ALG4_727358079,FAGFQGAYTG,3A_3B
ALG4_973584800,FAGFQGAYTG,3A_3B
ALG4_684138053,FAGFQGAYTG,3A_3B
ALG4_34485426,FNDEQGEIEF,3C_3D
ALG4_335352399,FNDEQGEIEF,3C_3D
ALG4_404433879,FNDEQGEIEF,3C_3D
ALG4_594103444,FNDEQGEIEF,3C_3D
ALG4_973584798,FNDEQGEIEF,3C_3D
ALG4_QJR83058,FNDEQFIESS,3C_3D
ALG4_AUF49633,FNDEQGEIEF,3C_3D
ALG4_BAK57449,FNEEQGQIEF,3C_3D
ALG4_AXG24376,FNDEQGEIEF,3C_3D
ALG4_AZI15686,FNDEQGEIEF,3C_3D
ALG4_397328568,FNDEQGEIEF,3C_3D
ALG4_1042021424,FNDEQGEIEF,3C_3D
ALG4_QAT18823,FNDEQGEIEF,3C_3D
ALG4_AUO29150,FNEEQGEIEF,3C_3D
ALG4_YP,FNDEQGEIEF,3C_3D
ALG4_1042021426,FNDEQGEIEF,3C_3D
ALG4_BBF97830,FNDEQGEIEF,3C_3D
ALG4_58372546,FNDEQGEIEF,3C_3D
ALG4_ARB07836,FNDEQGEIEF,3C_3D
ALG4_BBF97828,FNDEQGEIEF,3C_3D
ALG4_984307496,FNDEQGEIEF,3C_3D
ALG4_570709917,FNDEQGEIEF,3C_3D
ALG4_17224873,FNDEQGEIEF,3C_3D
ALG4_QER78684,FNDEQGEIEF,3C_3D
ALG4_1042021408,FNDEQGEIEF,3C_3D
ALG4_619498817,FNDEQGEIEF,3C_3D
ALG4_AUF49647,FNDEQGEIEF,3C_3D
ALG4_440385912,FNDEQGEIEF,3C_3D
ALG4_QDO72760,FNDEQGEIEF,3C_3D
ALG4_QHH26298,FNDEQGEIEF,3C_3D
ALG4_QJR83057,FNDEQGEIEF,3C_3D
ALG4_984307502,FNDEQGEIEF,3C_3D
ALG4_AUO29152,FNEEQGEIEF,3C_3D
ALG4_AZI71405,FNEEQGEIEF,3C_3D
ALG4_749526965,FNDEQGEIEF,3C_3D
ALG4_AUF49639,FNDEQGEIEF,3C_3D
ALG4_34485436,FNDEQGEIEF,3C_3D
ALG4_10863163,FNDEQGEIEF,3C_3D
ALG4_34485450,FNDEQGEIEF,3C_3D
ALG4_398330012,FKEEQGEIEF,3C_3D
ALG4_1079491410,FNDEQGEIEF,3C_3D
ALG4_50399457,FNEEQGEIEF,3C_3D
ALG4_QIZ63254,FNDEQGEIEF,3C_3D
ALG4_49425037,FNDEQGEIEF,3C_3D
ALG4_33317931,FNDEQGEIEF,3C_3D
ALG4_AUD08536,FNEEQGEIEF,3C_3D
ALG4_973584800,FNDEQGEIEF,3C_3D
ALG4_146218329,FNEEQGEIEF,3C_3D
ALG4_AUF49669,FNEEQGEIEF,3C_3D
ALG4_AUF49643,FNDEQGEIEF,3C_3D
ALG4_34485458,FNDEQGEIEF,3C_3D
ALG4_AUF49635,FNDEQGEIEF,3C_3D
ALG4_341864480,FNDEQGEIEF,3C_3D
ALG4_262283885,FNDEQGEIEF,3C_3D
ALG4_61608283,FNDEQGEIEF,3C_3D
ALG4_ARB07388,FNDEQGEIEF,3C_3D
ALG4_973584796,FNDEQGEIEF,3C_3D
ALG4_AUD08524,FNDEQGEIEF,3C_3D
ALG4_2051999,FNEEQGEIEF,3C_3D
ALG4_402830006,FNDEQGEIEF,3C_3D
ALG4_AUF49623,FNEEQGEIEF,3C_3D
ALG4_AXQ00219,FNEEQGEIEF,3C_3D
ALG4_998751931,FNEEQGEIEF,3C_3D
ALG4_1096124002,FNDEQGEIEF,3C_3D
ALG4_QBM01044,FNDEQGEIEF,3C_3D
ALG4_AUF49653,FNDEQGEIEY,3C_3D
ALG4_50399449,FNEEQGEIEF,3C_3D
ALG4_539332325,FNDEQGEIEF,3C_3D
ALG4_AXN77381,FNDEQGEIEF,3C_3D
ALG4_1060479462,FNDEQGEIEF,3C_3D
ALG4_AUD08533,FNEEQGEIEF,3C_3D
ALG4_479280024,FNDEQGEIEL,3C_3D
ALG4_426272787,FNDEQGEIEF,3C_3D
ALG4_QHX99541,FNDEQGEIEF,3C_3D
ALG4_924347627,FNDEQGEIEF,3C_3D
ALG4_94449175,FNDEQGEIEF,3C_3D
ALG4_AUF49644,FNDEQGEIEF,3C_3D
ALG4_10863165,FNDEQGEIEF,3C_3D
ALG4_BAK57446,FNEEQGQIEF,3C_3D
ALG4_AUF49628,FNDEQGEIEF,3C_3D
ALG4_AXG24377,FNDEQGEIEF,3C_3D
ALG4_ARB48778,FNDEQGEIEF,3C_3D
ALG4_61608280,FNDEQGEIEF,3C_3D
ALG4_ASU43933,FNDEQGEIEF,3C_3D
ALG4_AXG50475,FNDEQGEIEF,3C_3D
ALG4_61608294,FNDEQGEIEF,3C_3D
ALG4_BBF97829,FNDEQGEIEF,3C_3D
ALG4_34485432,FNDEQGEIEF,3C_3D
ALG4_1019982869,FNDEQGEIEF,3C_3D
ALG4_AXG50473,FNDEQGEIEF,3C_3D
ALG4_QOP74967,FNDEQGEIEF,3C_3D
ALG4_440385910,FNDEQGEIEF,3C_3D
ALG4_QAT18819,FNDEQGEIEF,3C_3D
ALG4_222630,FNEEQGEIEF,3C_3D
ALG4_34485460,FNDVQGEIEF,3C_3D
ALG4_425891887,FNDEQGEIEF,3C_3D
ALG4_924347617,FNDEQGEIEF,3C_3D
ALG4_AUF49670,FNDEQGEIEF,3C_3D
ALG4_ASU64358,FNEEQGEIEF,3C_3D
ALG4_814603517,FNDEQGEIEF,3C_3D
ALG4_539332336,FNDEQGEIEF,3C_3D
ALG4_AVM86030,FNDEQGEIEF,3C_3D
ALG4_380082987,FNDEQGEIEF,3C_3D
ALG4_QAT18822,FNDEQGEIEF,3C_3D
ALG4_17224875,FNDEQGEIEF,3C_3D
ALG4_323422,FNDEQGEIEF,3C_3D
ALG4_QJQ24978,FNDEQGEIEF,3C_3D
ALG4_ATG80398,FNDEQGEIEF,3C_3D
ALG4_814603529,FNDEQGEIEF,3C_3D
ALG4_295984376,FNDEQGEIEF,3C_3D
ALG4_APZ85755,FNDEQGEIEF,3C_3D
ALG4_365940252,FNDEQGEIEF,3C_3D
ALG4_34485448,FNDEQGEIEF,3C_3D
ALG4_924347623,FNDEQGEIEF,3C_3D
ALG4_684138053,FNDEQGEIEF,3C_3D
ALG4_BAK57451,FNEEQGQIEF,3C_3D
ALG4_AYD61416,FNDEQGEIEF,3C_3D
ALG4_AWA45295,FNDEQGEIEF,3C_3D
ALG4_61608300,FNDEQGEIEF,3C_3D
ALG4_QDD55635,FNDEQGEIEF,3C_3D
ALG4_306026114,FNDEQGEIEF,3C_3D
ALG4_QHH26282,FNDEQGEIEF,3C_3D
ALG4_323420,FNDEQGEIEF,3C_3D
ALG4_AUD08547,FNEEQGEIEF,3C_3D
ALG4_808216302,FNDEQGEIEF,3C_3D
ALG4_QQP23545,FNDEQGEIEF,3C_3D
ALG4_924347608,FNDEQGEIEF,3C_3D
ALG4_440385914,FNDEQGEIEF,3C_3D
ALG4_AOX15246,FNDEQGEIEF,3C_3D
ALG4_AUF49625,FNDEQGEIEF,3C_3D
ALG4_769800,FNDEQGEIEF,3C_3D
ALG4_13128903,FNDEQGEIEF,3C_3D
ALG4_61608309,FNDEQGEIEF,3C_3D
ALG4_BAK57454,FNEEQGQIEF,3C_3D
ALG4_AUO29149,FNDEQGEIEF,3C_3D
ALG4_AUF49648,FNEEQGEIEF,3C_3D
ALG4_QMU23623,FNDEQGEIEF,3C_3D
ALG4_397776234,FNDEQGEIEF,3C_3D
ALG4_987390371,FNDEQGEIEF,3C_3D
ALG4_APW91090,FNDEQGEIEF,3C_3D
ALG4_984307484,FNDEQGEIEF,3C_3D
ALG4_34485444,FNDEQGEIEF,3C_3D
ALG4_AZI15683,FNDEQGEIEF,3C_3D
ALG4_1042021428,FNDEQGEIEF,3C_3D
ALG4_28610114,FNEEQGEIEF,3C_3D
ALG4_404433883,FNDEQGEIEF,3C_3D
ALG4_733373020,FNDEQGEIEF,3C_3D
ALG4_536669961,FNDEQGEIEF,3C_3D
ALG4_397328566,FNDEQGEIEF,3C_3D
ALG4_34485454,FNDEQGEIEF,3C_3D
ALG4_AUF49664,FNDEQGEIEF,3C_3D
ALG4_745636815,FNDEQGEIEF,3C_3D
ALG4_ASZ69778,FNDEQGEIEF,3C_3D
ALG4_10863161,FNDEQGEIEF,3C_3D
ALG4_1042021434,FNDEQGEIEF,3C_3D
ALG4_AVQ93624,FNDEQGEIEF,3C_3D
ALG4_QDD55627,FNDEQGEIEF,3C_3D
ALG4_AUF49665,FNDEQGEIEF,3C_3D
ALG4_34485422,FNDEQGEIEF,3C_3D
ALG4_1042021416,FNDEQGEIEF,3C_3D
ALG4_375004671,FNDEQGEIEF,3C_3D
ALG4_AUD08532,FNDEQGEIEF,3C_3D
ALG4_198041326,FNDEQGEIEF,3C_3D
ALG4_QKX44773,FNDEQGEIEF,3C_3D
ALG4_AVQ93626,FNDEQGEIEF,3C_3D
ALG4_QIZ63256,FNDEQGEIEF,3C_3D
ALG4_380706267,FNDEQGEIEF,3C_3D
ALG4_QGA30889,FNDEQGEIEF,3C_3D
ALG4_AVQ93628,FNEEQGEIEF,3C_3D
ALG4_814603525,FNDEQGEIEF,3C_3D
ALG4_303362831,FNDEQGEIEF,3C_3D
ALG4_AVI05000,FNEEQGEIEF,3C_3D
ALG4_814603523,FNDEQGEIEF,3C_3D
ALG4_831358631,FNDEQGEIEF,3C_3D
ALG4_AVI05001,FNDEQGEIEF,3C_3D
ALG4_425891889,FNDEQGEIEF,3C_3D
ALG4_1063278,FNEEQGEIEF,3C_3D
ALG4_814603515,FNDEQGEIEF,3C_3D
ALG4_1151119932,FNDEQGEIEF,3C_3D
ALG4_198041324,FNDEQGEIEF,3C_3D
ALG4_AYO51725,FNEEQGEIEF,3C_3D
ALG4_AUD08537,FNEEQGEIEF,3C_3D
ALG4_34485424,FNDEQGEIEF,3C_3D
ALG4_59046,FNDEQGEIEF,3C_3D
ALG4_AUO29153,FNEEQGEIEF,3C_3D
ALG4_405779214,FNDEQGEIEF,3C_3D
ALG4_308445301,FNDEQGEIEF,3C_3D
ALG4_1083846350,FNDEQGEIEF,3C_3D
ALG4_49425063,FNDEQGEIEF,3C_3D
ALG4_AUF49637,FNDEQGEIEF,3C_3D
ALG4_62990060,FNEEQGEIEF,3C_3D
ALG4_AUF49634,FNEEQGEIEF,3C_3D
ALG4_984307500,FNDEQGEIEF,3C_3D
ALG4_AUD08543,FNEEQGEIEF,3C_3D
ALG4_AXG50472,FNDEQGEIEF,3C_3D
ALG4_AZI15685,FNDEQGEIEF,3C_3D
ALG4_QDD55567,FNDEQGEIEF,3C_3D
ALG4_AXG50466,FNDEQGEIEF,3C_3D
ALG4_AVI05002,FNDEQGEIEF,3C_3D
ALG4_61608297,FNDEQGEIEF,3C_3D
ALG4_AUN27642,FNDEQGEIEF,3C_3D
ALG4_33317935,FNDEQGEIEF,3C_3D
ALG4_AUF49658,FNDEQGEIEF,3C_3D
ALG4_746818543,FNDEQGEIEF,3C_3D
ALG4_474421,FNEEQGEIEF,3C_3D
ALG4_QHH26279,FNEEQGEIEF,3C_3D
ALG4_BAK57452,FNEEQGQIEF,3C_3D
ALG4_APW91137,FNDEQGEIEF,3C_3D
ALG4_117574535,FNEEQGEIEF,3C_3D
ALG4_34485434,FNDEQGEIEF,3C_3D
ALG4_ARF07867,FNDEQGEIEF,3C_3D
ALG4_6650683,FNDEQGEIEF,3C_3D
ALG4_34485430,FNDEQGEIEF,3C_3D
ALG4_QDI78387,FNEEQGEIEF,3C_3D
ALG4_764120825,FNDEQGEIEF,3C_3D
ALG4_APW91138,FNDEQGEIEF,3C_3D
ALG4_34485446,FNDEQGEIEF,3C_3D
ALG4_AUD08542,FNEEQGEIEF,3C_3D
ALG4_746818541,FNDEQGEIEF,3C_3D
ALG4_1042021412,FNDEQGEIEF,3C_3D
ALG4_AVQ93627,FNDEQGEIEF,3C_3D
ALG4_AXN77379,FNDKQGEIEF,3C_3D
ALG4_QBF68060,FNDEQGEIEF,3C_3D
ALG4_QIZ63252,FNDEQGEIEF,3C_3D
ALG4_AUF49645,FNEEQGEIEF,3C_3D
ALG4_AXG50469,FNDEQGEIEF,3C_3D
ALG4_QKZ25342,FNDEQGEIEF,3C_3D
ALG4_984307482,FNDEQGEIEF,3C_3D
ALG4_BAK57450,FNEEQGQIEF,3C_3D
ALG4_QIZ63255,FNDEQGEIEF,3C_3D
ALG4_QDO72761,FNEEQGEIEF,3C_3D
ALG4_5669021,FNDEQGEIEF,3C_3D
ALG4_442539512,FNDEQGEIEF,3C_3D
ALG4_8896133,FNEEQGEIEF,3C_3D
ALG4_QJA28495,FNEEQGEIEF,3C_3D
ALG4_595597885,FNDEQGEIEF,3C_3D
ALG4_528323956,FNDEQGEIEF,3C_3D
ALG4_AXN77382,FNDEQGEIEF,3C_3D
ALG4_1042021414,FNDEQGEIEF,3C_3D
ALG4_61608275,FNDDQGEIEF,3C_3D
ALG4_290109431,FNDEQGEIEF,3C_3D
ALG4_323433,FNDEQGEIEF,3C_3D
ALG4_AZI15684,FNDEQGEIEF,3C_3D
ALG4_AUF49626,FNDEQGEIEF,3C_3D
ALG4_AUD08545,FNEEQGEIEF,3C_3D
ALG4_AUD08528,FNEEQGEIEF,3C_3D
ALG4_4378012,FNDEQGEIEF,3C_3D
ALG4_ARR74572,FNDEQGEIEF,3C_3D
ALG4_157741819,FNEEQGEIEF,3C_3D
ALG4_QGL06947,FNDEQGEIEF,3C_3D
ALG4_AVM86035,FNEEQGEIEF,3C_3D
ALG4_AUD08541,FNEEQGEIEF,3C_3D
ALG4_QCO76038,FNEEQGEIEF,3C_3D
ALG4_673911922,FNDEQGEIEF,3C_3D
ALG4_323418,FNDEQGEIEF,3C_3D
ALG4_APW91136,FNDEQGEIEF,3C_3D
ALG4_AUF49651,FNDEQGEIEY,3C_3D
ALG4_50399447,FNEEQGEIEF,3C_3D
ALG4_619854493,FNEEQGEIEF,3C_3D
ALG4_519773567,FNDEQGEIEF,3C_3D
ALG4_QHJ92097,FNEEQGEIEF,3C_3D
ALG4_QAT18821,FNDEQGEIEF,3C_3D
ALG4_61658401,FNDEQGEIEF,3C_3D
ALG4_AVI04999,FNDEQGEIEF,3C_3D
ALG4_814603527,FNDEQGEIEF,3C_3D
ALG4_453061696,FNEEQGQIEF,3C_3D
ALG4_AUO29156,FNDEQGEIEF,3C_3D
ALG4_814603503,FNDEQGEIEF,3C_3D
ALG4_AUF49674,FNDEQGEIEF,3C_3D
ALG4_AUF49656,FNDEQGEIEF,3C_3D
ALG4_984307494,FNDEQGEIEF,3C_3D
ALG4_584613685,FNDEQGEIEF,3C_3D
ALG4_AUD08525,FNEEQGEIEF,3C_3D
ALG4_AUF49636,FNEEQGEIEF,3C_3D
ALG4_AUF49655,FNDEQGEIEF,3C_3D
ALG4_AUD08535,FNEEQGEIEF,3C_3D
ALG4_AUF49676,FNEEQGEIEF,3C_3D
ALG4_442539514,FNDEQGEIEF,3C_3D
ALG4_442539510,FNDEQGEIEF,3C_3D
ALG4_984307488,FNDEQGEIEF,3C_3D
ALG4_106636123,FNDEQGEIEF,3C_3D
ALG4_335352401,FNDEQGEIEF,3C_3D
ALG4_QJR83056,FNDEQGEIEF,3C_3D
ALG4_AWX63812,FNDEQGEIEF,3C_3D
ALG4_61608303,FNDEQGEIEF,3C_3D
ALG4_594103483,FNDEQGEIEF,3C_3D
ALG4_QHH26278,FNDEQGEIEF,3C_3D
ALG4_78499755,FNDEQGEIEF,3C_3D
ALG4_1042021432,FNDEQGEIEF,3C_3D
ALG4_1042021430,FNDEQGEIEF,3C_3D
ALG4_987390375,FNDEQGEIEF,3C_3D
ALG4_QBM01045,FNDEQGEIEF,3C_3D
ALG4_1126634355,FNDEQGEIEF,3C_3D
ALG4_1042021406,FNDEQGEIEF,3C_3D
ALG4_AUD08538,FNEEQGEIEF,3C_3D
ALG4_AUD08529,FNEEQGEIEF,3C_3D
ALG4_AXQ00218,FNEEQGEIEF,3C_3D
ALG4_987390373,FNDEQGEIEF,3C_3D
ALG4_727358079,FNDEQGEIEF,3C_3D
ALG4_5533301,FNDEQGEIEF,3C_3D
ALG4_667755399,FNDEQGEIEF,3C_3D
ALG4_AWX63810,FNDEQGEIEF,3C_3D
ALG4_AUO29151,FNDEQGEIEF,3C_3D
ALG4_AUF49654,FNDEQGEIEF,3C_3D
ALG4_1042021418,FNDEQGEIEF,3C_3D
ALG4_1134678845,FNDEQGEIEF,3C_3D
ALG4_QAT18820,FNDEQGEIEF,3C_3D
ALG4_QNS36366,FNEEQGEIEF,3C_3D
ALG4_199599828,FNDEQGEIEF,3C_3D
ALG4_788303261,FNDEQGEIEY,3C_3D
ALG4_1373228,FNDEQGEIEF,3C_3D
ALG4_924347630,FNDEQGEIEF,3C_3D
ALG4_239916538,FNDEQGEIEF,3C_3D
ALG4_375004673,FNDEQGEIEF,3C_3D
ALG4_QGA30890,FNDVQGEIEF,3C_3D
ALG4_34485428,FNDEQGEIEF,3C_3D
ALG4_QJT73092,FNDEQGEIEF,3C_3D
ALG4_814603531,FNDEQGEIEF,3C_3D
ALG4_1049300176,FNDEQGEIEF,3C_3D
ALG4_198041330,FNDEQGEIEF,3C_3D
ALG4_QBF51812,FNDEQGEIEF,3C_3D
ALG4_AXN77380,FNDEQGEIEF,3C_3D
ALG4_61608287,FNDEQGEIEF,3C_3D
ALG4_440385916,FNDEQGEIEF,3C_3D
ALG4_984307486,FNDEQGEIEF,3C_3D
ALG4_397328564,FNDEQGEIEF,3C_3D
ALG4_QHH26299,FNDEQGEIEF,3C_3D
ALG4_AUF49652,FNDEQGEIEF,3C_3D
ALG4_442539506,FNDEQGEIEF,3C_3D
ALG4_QIZ63251,FNDEQGEIEF,3C_3D
ALG4_AUF49631,FNDEQGEIEF,3C_3D
ALG4_AOW41918,FNDEQGEIEF,3C_3D
ALG4_BAK57447,FNEEQGQIEF,3C_3D
ALG4_AVM86031,FNDEQGEIEF,3C_3D
ALG4_AUD08531,FNDEQGEIEF,3C_3D
ALG4_ATV91618,FNDEQGEIEF,3C_3D
ALG4_519773571,FNDEQGEIEF,3C_3D
ALG4_QIZ12960,FNDEQGEIEF,3C_3D
ALG4_ASU64357,FNEEQGEIEF,3C_3D
ALG4_AUF49642,FNDEQGEIEF,3C_3D
ALG4_733373012,FNDEQGEIEF,3C_3D
ALG4_AVM86032,FNDEQGEIEF,3C_3D
ALG4_397328570,FNDEQGEIEF,3C_3D
ALG4_AWN09260,FNDEQGEIEF,3C_3D
ALG4_54399971,FNDEQGEIEF,3C_3D
ALG4_AZT88545,FNEEQGEIEF,3C_3D
ALG4_519773569,FNDEQGEIEF,3C_3D
ALG4_34485438,FNDEQGEIEF,3C_3D
ALG4_QHH26281,FNEEQGEIEF,3C_3D
ALG4_AUF49663,FNDEQGEIEF,3C_3D
ALG4_733373010,FNDEQGEIEF,3C_3D
ALG4_28610116,FNDEQGEIEF,3C_3D
ALG4_AUF49657,FNDEQGEIEF,3C_3D
ALG4_QJQ24979,FNDEQGEIEF,3C_3D
ALG4_924347620,FNDEQGEIEY,3C_3D
ALG4_QHH26295,FNDEQGEIEF,3C_3D
ALG4_ARO77489,FNDEQGEIEF,3C_3D
ALG4_33111999,FNDEQGEIEF,3C_3D
ALG4_54399973,FNDEQGEIEF,3C_3D
ALG4_AUD08540,FNEEQGEIEF,3C_3D
ALG4_AUD08526,FNEEQGEIEF,3C_3D
ALG4_830698599,FNDEQGEIEF,3C_3D
ALG4_924351104,FNDEQGEIEF,3C_3D
ALG4_984307490,FNDEQGEIEF,3C_3D
ALG4_APZ85757,FNDEQGEIEF,3C_3D
ALG4_404364650,FNDEQGEIEF,3C_3D
ALG4_37993798,FNEEQGEIEF,3C_3D
ALG4_AUF49675,FNDEQGEIEF,3C_3D
ALG4_924347623,QAKVQGPAFE,3B_3C
ALG4_987390371,QAKVQGPAFE,3B_3C
ALG4_374922461,QAKVQGPAFE,3B_3C
ALG4_ARB48778,QAKVQGPAFE,3B_3C
ALG4_595597885,QAKVQGPAFE,3B_3C
ALG4_34485436,QAKVQGPAFE,3B_3C
ALG4_BAK57453,QAKVQGPAFE,3B_3C
ALG4_34485448,QAKVQGPAFE,3B_3C
ALG4_AVI04999,QAKVQGPAFE,3B_3C
ALG4_APT69848,QAKVQGPAFE,3B_3C
ALG4_AUF49642,QAKVQGPAFE,3B_3C
ALG4_BBF97828,QAKVQGPAFE,3B_3C
ALG4_5669021,QAKVQGPAFE,3B_3C
ALG4_924347606,QAKVQGPAFE,3B_3C
ALG4_397328568,QAKVQGPAFE,3B_3C
ALG4_94449175,QAKVQGPAFE,3B_3C
ALG4_479280024,QAKVQGPAFE,3B_3C
ALG4_AUD08534,QAKVQGPAFE,3B_3C
ALG4_62990060,QAKVQGPAFE,3B_3C
ALG4_408842859,QAKVQGPAFE,3B_3C
ALG4_AUD08523,QAKVQGPAFE,3B_3C
ALG4_987390365,QAKVQGPAFE,3B_3C
ALG4_QIZ12960,QAKVQGPAFE,3B_3C
ALG4_QHJ92097,QAKVQGPAFE,3B_3C
ALG4_ASZ69778,QAKVQGPAFE,3B_3C
ALG4_733373012,QAKVQGPAFE,3B_3C
ALG4_AXG50469,QAKVQGPAFE,3B_3C
ALG4_QNS36366,QAKVQGPAFE,3B_3C
ALG4_AUD08537,QAKVQGPAFE,3B_3C
ALG4_380706267,QAKVQGPAFE,3B_3C
ALG4_121281800,QAKVQGPAFE,3B_3C
ALG4_17224873,QAKVQGPAFE,3B_3C
ALG4_AVM86031,QAKVQGPAFE,3B_3C
ALG4_10863165,QAKVQGPAFE,3B_3C
ALG4_808216302,QAKVQGPAFE,3B_3C
ALG4_AUF49632,QARVQGPAFE,3B_3C
ALG4_58372546,QAKVQGPAFE,3B_3C
ALG4_59046,QAKVQGPAFE,3B_3C
ALG4_QDO72760,QAKVQGPAFE,3B_3C
ALG4_425891887,QAKVQGPAFE,3B_3C
ALG4_QQP23545,QAKVQGPAFE,3B_3C
ALG4_QDD55635,QAKVQGPAFE,3B_3C
ALG4_50399447,QAKVQGPAFE,3B_3C
ALG4_QAT18820,QAKVQGPAFE,3B_3C
ALG4_AVI05002,QAKVQGPAFE,3B_3C
ALG4_AUF49624,QAKVQGPAFE,3B_3C
ALG4_61608287,QAKVQGPAFE,3B_3C
ALG4_APW91090,QAKVQGPAFE,3B_3C
ALG4_AUF49659,QAKVQGPAFE,3B_3C
ALG4_AUO29149,QAKVQGPAFE,3B_3C
ALG4_442539512,QAKVQGPAFE,3B_3C
ALG4_17224875,QAKVQGPAFE,3B_3C
ALG4_BAK57454,QARVQGPAFE,3B_3C
ALG4_34485450,QAKVQGPAFE,3B_3C
ALG4_AUF49651,QAKVQGPAFE,3B_3C
ALG4_AXG24377,QAKVQGPAFE,3B_3C
ALG4_54399971,QAKVQGPAFE,3B_3C
ALG4_404553511,QAKVQGPAFE,3B_3C
ALG4_61608306,QAKVQGPAFE,3B_3C
ALG4_814603531,QAKVQGPAFE,3B_3C
ALG4_207113489,QAKVQGPAFE,3B_3C
ALG4_AUF49636,QAKVQGPAFE,3B_3C
ALG4_AUF49676,QAKVQGPAFE,3B_3C
ALG4_973584800,QAKVQGPAFE,3B_3C
ALG4_984307482,QAKVQGPAFE,3B_3C
ALG4_831358631,QAKVQGPAFE,3B_3C
ALG4_AUF49667,QAKVQGPAFE,3B_3C
ALG4_QIZ63251,QAKVQGPAFE,3B_3C
ALG4_814603505,QAKVQGPAFE,3B_3C
ALG4_QAT18822,QAKVQGPAFE,3B_3C
ALG4_QJQ24978,QAKVQGPAFE,3B_3C
ALG4_814603525,QARVQGPAFE,3B_3C
ALG4_ATV91596,QAKVQGPAFE,3B_3C
ALG4_AUF49647,QAKVQGPAFE,3B_3C
ALG4_AWX63811,QAKVQGPAFE,3B_3C
ALG4_ARB07388,QAKVQGPAFE,3B_3C
ALG4_AWX63810,QAKVQGPAFE,3B_3C
ALG4_AUO29151,QAKVQGPAFE,3B_3C
ALG4_AVM86034,QAKVQGPAFE,3B_3C
ALG4_BAK57448,QAKVQGPAFE,3B_3C
ALG4_BAK57455,QAKVQGPAFE,3B_3C
ALG4_814603527,QARVQGPAFE,3B_3C
ALG4_34485422,QAKVQGPAFE,3B_3C
ALG4_323433,QAKVQGPAFE,3B_3C
ALG4_34485434,QAKVQGPAFE,3B_3C
ALG4_61658401,QAKVQGPAFE,3B_3C
ALG4_397328564,QAKVQGPAFG,3B_3C
ALG4_146218329,QAKVQGPAFE,3B_3C
ALG4_61608303,QAKVQGPAFE,3B_3C
ALG4_375004671,QAKVQGPAFE,3B_3C
ALG4_1079491410,QAKVQGPAFE,3B_3C
ALG4_1096124002,QARVQGPAFE,3B_3C
